Obiekt;Kod_obiektu;Nr_4_3;Nazwa_pola;ID_pola;Lp_pola_w_obiekcie;W_systemie_D365;Uwagi
Adresacja produktow oferty cenowej;neu_quotedetailaddressing;4.3.1;Komórka;neu_cell;1;;
Adresacja produktow oferty cenowej;neu_quotedetailaddressing;4.3.1;Właściciel;ownerid;2;;
Adresacja produktow oferty cenowej;neu_quotedetailaddressing;4.3.1;Produkt oferty cenowej;neu_quotedetailid;3;;
Adresacja produktow oferty cenowej;neu_quotedetailaddressing;4.3.1;Oferta cenowa;neu_quoteid;4;;
Adresacja produktow oferty cenowej;neu_quotedetailaddressing;4.3.1;Arkusz;neu_sheet;5;;
Adresacja produktow oferty cenowej;neu_quotedetailaddressing;4.3.1;Wartość;neu_value;6;;
Beneficjent;neu_receiver;4.3.2;Nazwa;neu_name;1;;
Beneficjent;neu_receiver;4.3.2;Nazwa z pliku Excel;neu_namefromexcel;2;;
Beneficjent;neu_receiver;4.3.2;Kod SAP Przetargu;neu_tendersapcode;3;;
Beneficjent;neu_receiver;4.3.2;Płatnik;neu_payerid;4;;
Beneficjent;neu_receiver;4.3.2;Punkt Sprzedaży;neu_accountid;5;;
Beneficjent;neu_receiver;4.3.2;Przetarg;neu_opportunityid;6;;
Beneficjent;neu_receiver;4.3.2;Dokumenty;;7;;
Beneficjent;neu_receiver;4.3.2;Placówki;;8;;
Beneficjent;neu_receiver;4.3.2;Utworzony przez;createdby;9;;
Beneficjent;neu_receiver;4.3.2;Zmodyfikowane przez;modifiedby;10;;
Beneficjent;neu_receiver;4.3.2;Właściciel;ownerid;11;;
Beneficjent;neu_receiver;4.3.2;Data utworzenia;createdon;12;;
Beneficjent;neu_receiver;4.3.2;Data modyfikacji;modifiedon;13;;
Cennik producenta;neu_producerpricelist;4.3.3;Nazwa;neu_name;1;;
Cennik producenta;neu_producerpricelist;4.3.3;Typ;neu_typ;2;;
Cennik producenta;neu_producerpricelist;4.3.3;Data obowiązywania OD;neu_validitydatefrom;3;;
Cennik producenta;neu_producerpricelist;4.3.3;Data obowiązywania DO;neu_validitydateto;4;;
Cennik producenta;neu_producerpricelist;4.3.3;Numer oferty;neu_quotenumber;5;;
Cennik producenta;neu_producerpricelist;4.3.3;Producent;neu_producerid;6;;
Cennik producenta;neu_producerpricelist;4.3.3;Właściciel;ownerid;7;;
Cennik producenta;neu_producerpricelist;4.3.3;Pozycje cennika producenta;;8;;
Ceny urzedowe MZ;neu_productpricemz;4.3.4;Kod EAN;neu_eancode;1;;
Ceny urzedowe MZ;neu_productpricemz;4.3.4;Cena urzędowa;neu_priceassize;2;;
Ceny urzedowe MZ;neu_productpricemz;4.3.4;Limit ceny z Programu Lekowego;neu_pricedrugprogramlimit;3;;
Ceny urzedowe MZ;neu_productpricemz;4.3.4;Maksymalna cena hurtowa;neu_pricewholesalemaximum;4;;
Ceny urzedowe MZ;neu_productpricemz;4.3.4;Data utworzenia;createdon;5;;
Ceny urzedowe MZ;neu_productpricemz;4.3.4;Utworzony przez;createdby;6;;
Ceny urzedowe MZ;neu_productpricemz;4.3.4;Data modyfikacji;modifiedon;7;;
Ceny urzedowe MZ;neu_productpricemz;4.3.4;Zmodyfikowane przez;modifiedby;8;;
Ceny urzedowe MZ;neu_productpricemz;4.3.4;Właściciel;ownerid;9;;
Dokument;neu_document;4.3.5;Przyczyna stanu;statuscode;1;;
Dokument;neu_document;4.3.5;Nazwa;neu_name;2;;
Dokument;neu_document;4.3.5;Typ dokumentu;neu_type;3;;
Dokument;neu_document;4.3.5;Przetarg;neu_opportunityid;4;;
Dokument;neu_document;4.3.5;Notatki;;5;;
Dokument;neu_document;4.3.5;Data utworzenia;createdon;6;;
Dokument;neu_document;4.3.5;Utworzony przez;createdby;7;;
Dokument;neu_document;4.3.5;Data modyfikacji;modifiedon;8;;
Dokument;neu_document;4.3.5;Zmodyfikowane przez;modifiedby;9;;
Dokument;neu_document;4.3.5;Właściciel;ownerid;10;;
DrugFormPharmindex;neu_drugformpharmindex;4.3.6;Nazwa leku;neu_name;1;;
DrugFormPharmindex;neu_drugformpharmindex;4.3.6;Nazwa opakowania;neu_fullname;2;;
DrugFormPharmindex;neu_drugformpharmindex;4.3.6;Kod EAN;neu_ean;3;;
DrugFormPharmindex;neu_drugformpharmindex;4.3.6;Bloz7;neu_bloz7;4;;
DrugFormPharmindex;neu_drugformpharmindex;4.3.6;Typ;neu_typedrug;5;;
DrugFormPharmindex;neu_drugformpharmindex;4.3.6;Id opakowania;neu_id;6;;
DrugFormPharmindex;neu_drugformpharmindex;4.3.6;Numer rejestracji;neu_regnr;7;;
DrugFormPharmindex;neu_drugformpharmindex;4.3.6;Dawka;neu_dosage;8;;
DrugFormPharmindex;neu_drugformpharmindex;4.3.6;Postać;neu_form;9;;
DrugFormPharmindex;neu_drugformpharmindex;4.3.6;Postać znormalizowana;neu_formstandardized;10;;
DrugFormPharmindex;neu_drugformpharmindex;4.3.6;Opakowanie;neu_package;11;;
DrugFormPharmindex;neu_drugformpharmindex;4.3.6;Drogi podania;neu_routes;12;;
DrugFormPharmindex;neu_drugformpharmindex;4.3.6;Substancja czynna CSIOZ;neu_activesubstancecsioz;13;;
DrugFormPharmindex;neu_drugformpharmindex;4.3.6;Refundowany;neu_isreimbursed;14;;
DrugFormPharmindex;neu_drugformpharmindex;4.3.6;Psychotropowy;neu_isnarcpsych;15;;
DrugFormPharmindex;neu_drugformpharmindex;4.3.6;Substancje pomocnicze;neu_excipients;16;;
DrugFormPharmindex;neu_drugformpharmindex;4.3.6;Import docelowy;neu_importd;17;;
DrugFormPharmindex;neu_drugformpharmindex;4.3.6;Import równoległy;neu_import;18;;
DrugFormPharmindex;neu_drugformpharmindex;4.3.6;Drug Pharmindex;neu_drug;19;;
DrugFormPharmindex;neu_drugformpharmindex;4.3.6;Status;neu_status;20;;
DrugFormPharmindex;neu_drugformpharmindex;4.3.6;Data modyfikacji;neu_modified;21;;
DrugFormPharmindex;neu_drugformpharmindex;4.3.6;Właściciel;ownerid;22;;
DrugPharmindex;neu_drugpharmindex;4.3.7;Nazwa;neu_name;1;;
DrugPharmindex;neu_drugpharmindex;4.3.7;Nazwa firmy farmaceutycznej;neu_prodname;2;;
DrugPharmindex;neu_drugpharmindex;4.3.7;Drug Id;neu_id;3;;
DrugPharmindex;neu_drugpharmindex;4.3.7;Data modyfikcji;neu_modified;4;;
DrugPharmindex;neu_drugpharmindex;4.3.7;Status;neu_status;5;;
DrugPharmindex;neu_drugpharmindex;4.3.7;Skład;neu_composition;6;;
DrugPharmindex;neu_drugpharmindex;4.3.7;Dopuuszczony-Pharmindex brak;neu_csioz;7;;
DrugPharmindex;neu_drugpharmindex;4.3.7;Substancja czynna CSIOZ;neu_activesubstancecsioz;8;;
DrugPharmindex;neu_drugpharmindex;4.3.7;Uwagi;neu_notes;9;;
DrugPharmindex;neu_drugpharmindex;4.3.7;IDProd;neu_idprod;10;;
DrugPharmindex;neu_drugpharmindex;4.3.7;Producent;neu_producerid;11;;
DrugPharmindex;neu_drugpharmindex;4.3.7;Właściciel;ownerid;12;;
DrugPharmindex;neu_drugpharmindex;4.3.7;DrugForms Pharmindex;;13;;
DrugPharmindex;neu_drugpharmindex;4.3.7;Substancje czynne;;14;;
Kryteria Szablonu;neu_templatecriterion;4.3.8;Nazwa;neu_name;1;;
Kryteria Szablonu;neu_templatecriterion;4.3.8;Kryterium;neu_criteriaid;2;;
Kryteria Szablonu;neu_templatecriterion;4.3.8;Wartość;neu_templatecriterion_value;3;;
Kryteria Szablonu;neu_templatecriterion;4.3.8;Typ;neu_type;4;;
Kryteria Szablonu;neu_templatecriterion;4.3.8;Nazwa systemowa;neu_systemname;5;;
Kryteria Szablonu;neu_templatecriterion;4.3.8;Właściciel;ownerid;6;;
Kryteria Szablonu;neu_templatecriterion;4.3.8;Data utworzenia;createdon;7;;
Kryteria Szablonu;neu_templatecriterion;4.3.8;Data modyfikacji;modifiedon;8;;
Matryca Zmian Postaci;neu_conf_formchangematrix;4.3.9;Nazwa;neu_name;1;;
Matryca Zmian Postaci;neu_conf_formchangematrix;4.3.9;Postać z;neu_formfrom;2;;
Matryca Zmian Postaci;neu_conf_formchangematrix;4.3.9;Postać do;neu_formto;3;;
Matryca Zmian Postaci;neu_conf_formchangematrix;4.3.9;Postać z (wartość);neu_formfromvalue;4;;
Matryca Zmian Postaci;neu_conf_formchangematrix;4.3.9;Postać do (wartośc);neu_formtovalue;5;;
Matryca Zmian Postaci;neu_conf_formchangematrix;4.3.9;Data utworzenia;createdon;6;;
Matryca Zmian Postaci;neu_conf_formchangematrix;4.3.9;Utworzony przez;createdby;7;;
Matryca Zmian Postaci;neu_conf_formchangematrix;4.3.9;Data modyfikacji;modifiedon;8;;
Matryca Zmian Postaci;neu_conf_formchangematrix;4.3.9;Zmodyfikowane przez;modifiedby;9;;
Matryca Zmian Postaci;neu_conf_formchangematrix;4.3.9;Właściciel;ownerid;10;;
Matryca Zmian Postaci Przetargu;neu_conf_tenderformchangematrix;4.3.10;Nazwa;neu_name;1;;
Matryca Zmian Postaci Przetargu;neu_conf_tenderformchangematrix;4.3.10;Matryca zmian postaci;neu_formchancematrix;2;;
Matryca Zmian Postaci Przetargu;neu_conf_tenderformchangematrix;4.3.10;Przetarg;neu_opportunityid;3;;
Matryca Zmian Postaci Przetargu;neu_conf_tenderformchangematrix;4.3.10;Data utworzenia;createdon;4;;
Matryca Zmian Postaci Przetargu;neu_conf_tenderformchangematrix;4.3.10;Utworzony przez;createdby;5;;
Matryca Zmian Postaci Przetargu;neu_conf_tenderformchangematrix;4.3.10;Data modyfikacji;modifiedon;6;;
Matryca Zmian Postaci Przetargu;neu_conf_tenderformchangematrix;4.3.10;Zmodyfikowane przez;modifiedby;7;;
Matryca Zmian Postaci Przetargu;neu_conf_tenderformchangematrix;4.3.10;Właściciel;ownerid;8;;
Oferta cenowa;neu_quote;4.3.11;Właściciel;ownerid;1;;
Oferta cenowa;neu_quote;4.3.11;Nazwa;neu_name;2;;
Oferta cenowa;neu_quote;4.3.11;Numer postępowania;neu_procedurenumer;3;;
Oferta cenowa;neu_quote;4.3.11;Numer umowy;neu_contractnumber;4;;
Oferta cenowa;neu_quote;4.3.11;Przetarg;neu_tenderid;5;;
Oferta cenowa;neu_quote;4.3.11;Struktura przetargu;neu_tenderstructureid;6;;
Oferta cenowa;neu_quote;4.3.11;Organizator Przetargu - Płatnik;neu_tenderpayerid;7;;
Oferta cenowa;neu_quote;4.3.11;Organizator Przetargu – Grupa zakupowa;neu_tenderpurchasegroupid;8;;
Oferta cenowa;neu_quote;4.3.11;Status;neu_statecodeforquote;9;;
Oferta cenowa;neu_quote;4.3.11;Status akceptacji oferty;neu_statesccept;10;;
Oferta cenowa;neu_quote;4.3.11;Ważne OD;neu_validfrom;11;;
Oferta cenowa;neu_quote;4.3.11;Ważne DO;neu_validto;12;;
Oferta cenowa;neu_quote;4.3.11;SAP Klienta;neu_clientsapcode;13;;
Oferta cenowa;neu_quote;4.3.11;SAP Grupy zakupowej;neu_purchasegroupsapcode;14;;
Oferta cenowa;neu_quote;4.3.11;Termin płatności;neu_paymentcondition;15;;
Oferta cenowa;neu_quote;4.3.11;PZP;neu_ispzpforquote;16;;
Oferta cenowa;neu_quote;4.3.11;Kontrola wartości;neu_valuecontrol;17;;
Oferta cenowa;neu_quote;4.3.11;Sposób zamawiania;neu_orderingmethod;18;;
Oferta cenowa;neu_quote;4.3.11;Czas realizacji zamówienia (dni);neu_deliveryhours;19;;
Oferta cenowa;neu_quote;4.3.11;Ratunek życia (h);neu_lifesaving;20;;
Oferta cenowa;neu_quote;4.3.11;Cito (h);neu_cito;21;;
Oferta cenowa;neu_quote;4.3.11;Kary umowne;neu_contractualpenalties;22;;
Oferta cenowa;neu_quote;4.3.11;Flaga do aktywacji oferty;neu_activatequoteflag;23;;
Oferta cenowa;neu_quote;4.3.11;Generacja adresacji do Excela;neu_isgenerateaddressingforxls;24;;
Oferta cenowa;neu_quote;4.3.11;Oferta zatwierdzona do złożenia;WebResource_quoteActivationButton;25;;
Oferta cenowa;neu_quote;4.3.11;Zaakceptuj ofertę/Odrzuć ofertę;WebResource_ConfirmRejectAcceptButton;26;;
Oferta cenowa;neu_quote;4.3.11;Prześlij do werfyfikacji;WebResource_SendToAcceptButton;27;;
Oferta cenowa;neu_quote;4.3.11;Narzut %;neu_overheadpercent;28;;
Oferta cenowa;neu_quote;4.3.11;Narzut;neu_overhead;29;;
Oferta cenowa;neu_quote;4.3.11;Marża brutto (%);neu_totalmarginbruttopercent;30;;
Oferta cenowa;neu_quote;4.3.11;Marża brutto;neu_totalmarginbrutto;31;;
Oferta cenowa;neu_quote;4.3.11;Wartość Przetargu netto;neu_totalamountnetto;32;;
Oferta cenowa;neu_quote;4.3.11;Wartość Przetargu brutto;neu_totalamountbrutto;33;;
Oferta cenowa;neu_quote;4.3.11;Narzut % SAP;neu_overheadpercentsap;34;;
Oferta cenowa;neu_quote;4.3.11;Narzut;neu_overheadsap;35;;
Oferta cenowa;neu_quote;4.3.11;Marża %;neu_totalmarginbruttopercentsap;36;;
Oferta cenowa;neu_quote;4.3.11;Marża brutto do SAP;neu_totalmarginbruttosap;37;;
Oferta cenowa;neu_quote;4.3.11;Sprzedaż budżetowa netto;neu_totalbudgetsalenettosap;38;;
Oferta cenowa;neu_quote;4.3.11;Sprzedaż budżetowa SAP;neu_totalbudgetsalesap;39;;
Oferta cenowa;neu_quote;4.3.11;Ilość sztuk do SAP;neu_totalquantitysap;40;;
Oferta cenowa;neu_quote;4.3.11;Wygeneruj ofertę do XLS;WebResource_neu_quoteGenerateXls;41;;
Oferta cenowa;neu_quote;4.3.11;Aktywuj ofertę w SAP;WebResource_neu_quoteGenerateCsv;42;;
Oferta cenowa;neu_quote;4.3.11;Błąd przy ostatnim eksporcie;neu_exporterrormessage;43;;
Oferta cenowa;neu_quote;4.3.11;Działania;;44;;
Oferta cenowa;neu_quote;4.3.11;Notatki;;45;;
Oferta cenowa;neu_quote;4.3.11;Pakiety Oferty cenowej;;46;;
Oferta cenowa;neu_quote;4.3.11;Produkty Oferty cenowej;;47;;
Oferta cenowa;neu_quote;4.3.11;Pracownik realizujący;neu_userexecutingid;48;;
Oferta cenowa;neu_quote;4.3.11;Pracownik wspomagający;neu_usersupportingid;49;;
Oferta cenowa;neu_quote;4.3.11;Pracownik akceptujący;neu_useracceptingid;50;;
Oferta cenowa;neu_quote;4.3.11;Data utworzenia;createdon;51;;
Oferta cenowa;neu_quote;4.3.11;Data modyfikacji;modifiedon;52;;
Oferta cenowa;neu_quote;4.3.11;Utworzony przez;createdby;53;;
Oferta cenowa;neu_quote;4.3.11;Zmodyfikowane przez;modifiedby;54;;
Opportunity Przyczyna przegrania;neu_opportunity_neu_failurecause;4.3.12;Nazwa;neu_name;1;;
Opportunity Przyczyna przegrania;neu_opportunity_neu_failurecause;4.3.12;Przyczyna przegrania;neu_failurecause;2;;
Opportunity Przyczyna przegrania;neu_opportunity_neu_failurecause;4.3.12;Opis przyczyny;neu_description;3;;
Opportunity Przyczyna przegrania;neu_opportunity_neu_failurecause;4.3.12;Właściciel;ownerid;4;;
Pakiet;neu_tenderbundle;4.3.13;Przyczyna stanu;statuscode;1;;
Pakiet;neu_tenderbundle;4.3.13;Marża brutto (%);neu_totalmarginbruttopercent;2;;
Pakiet;neu_tenderbundle;4.3.13;Nazwa;neu_name;3;;
Pakiet;neu_tenderbundle;4.3.13;Numer Pakietu;neu_number;4;;
Pakiet;neu_tenderbundle;4.3.13;Pakiet nadrzędny;neu_parentbundleid;5;;
Pakiet;neu_tenderbundle;4.3.13;Struktura Przetargu;neu_tenderstructureid;6;;
Pakiet;neu_tenderbundle;4.3.13;Przetarg;neu_tenderid;7;;
Pakiet;neu_tenderbundle;4.3.13;Rodzaj umowy;neu_contracttype;8;;
Pakiet;neu_tenderbundle;4.3.13;Dokument;neu_documentid;9;;
Pakiet;neu_tenderbundle;4.3.13;Flaga Przywróć Mapowanie;neu_isrestoremapper;10;;
Pakiet;neu_tenderbundle;4.3.13;Umowy w pakiecie;;11;;
Pakiet;neu_tenderbundle;4.3.13;Output sheet;neu_outputsheet;12;;
Pakiet;neu_tenderbundle;4.3.13;Numer Pakietu;neu_tenderbundlenumber;13;;
Pakiet;neu_tenderbundle;4.3.13;Status;neu_state;14;;
Pakiet;neu_tenderbundle;4.3.13;Powód odrzucenia;neu_rejectioncause;15;;
Pakiet;neu_tenderbundle;4.3.13;Opis powodu odrzucenia;neu_rejectioncausedescription;16;;
Pakiet;neu_tenderbundle;4.3.13;Data zmiany statusu;neu_statechangeddate;17;;
Pakiet;neu_tenderbundle;4.3.13;Poprzedni status;neu_statuspre;18;;
Pakiet;neu_tenderbundle;4.3.13;Stan;statecode;19;;
Pakiet;neu_tenderbundle;4.3.13;Liczba pozycji w pakiecie;neu_itemsamountinbundle;20;;
Pakiet;neu_tenderbundle;4.3.13;Flaga Producent;neu_iscalculateproducer;21;;
Pakiet;neu_tenderbundle;4.3.13;Cofnij ostatnią zmianę statusu;WebResource_SetPreviousStatus;22;;
Pakiet;neu_tenderbundle;4.3.13;Uwzględnij preferowanych producentów;WebResource_ButtonRemapPrefferProducer;23;;
Pakiet;neu_tenderbundle;4.3.13;Przywróć wyniki mapowania;WebResource_ButtonTenderBundleRestoreMapperResults;24;;
Pakiet;neu_tenderbundle;4.3.13;Status pref. producentów;neu_stateprefferproducer;25;;
Pakiet;neu_tenderbundle;4.3.13;Producenci Preferowani dla Pakietu;;26;;
Pakiet;neu_tenderbundle;4.3.13;Data obowiązywania Pakietu OD;neu_validitydatefrom;27;;
Pakiet;neu_tenderbundle;4.3.13;Data obowiązywania Pakietu DO;neu_validitydateto;28;;
Pakiet;neu_tenderbundle;4.3.13;Data ogłoszenia Przetargu;neu_annoucementdate;29;;
Pakiet;neu_tenderbundle;4.3.13;Data otwarcia Przetargu;neu_openingdate;30;;
Pakiet;neu_tenderbundle;4.3.13;Data złożenia Przetargu;neu_releasedate;31;;
Pakiet;neu_tenderbundle;4.3.13;Czas obowiązywania Pakietu;neu_validitydays;32;;
Pakiet;neu_tenderbundle;4.3.13;Czas trwania Pakietu w miesiącach;neu_durationinmonths;33;;
Pakiet;neu_tenderbundle;4.3.13;Czas trwania pakietu – zmiana;neu_durationinmonthschange;34;;
Pakiet;neu_tenderbundle;4.3.13;Ilość dni związana z ofertą;neu_daysofvalidquote;35;;
Pakiet;neu_tenderbundle;4.3.13;Termin płatności Przetargu;neu_paymentdeadline;36;;
Pakiet;neu_tenderbundle;4.3.13;Data rozpoczęcia dostaw;neu_deliveryopeningdate;37;;
Pakiet;neu_tenderbundle;4.3.13;Dostawa w sobotę;neu_isdeliveryonsaturday;38;;
Pakiet;neu_tenderbundle;4.3.13;Dostawa jednorazowa;neu_isonetimedelivery;39;;
Pakiet;neu_tenderbundle;4.3.13;Data dostawy jednorazowej;neu_onetimedeliverydate;40;;
Pakiet;neu_tenderbundle;4.3.13;Czas realizacji zamówienia (h);neu_deliveryhours;41;;
Pakiet;neu_tenderbundle;4.3.13;Ratunek życia (h);neu_lifesaving;42;;
Pakiet;neu_tenderbundle;4.3.13;Cito (h);neu_cito;43;;
Pakiet;neu_tenderbundle;4.3.13;Kalkuluj;WebResource_CalcButton;44;;
Pakiet;neu_tenderbundle;4.3.13;Przenieś narzut;WebResource_WebResource_OVERHEAD_PROPAGATION_BUTTON;45;;
Pakiet;neu_tenderbundle;4.3.13;Narzut %;neu_overheadpercent;46;;
Pakiet;neu_tenderbundle;4.3.13;Podsumowanie korekt narzutu;neu_totaloverheadadjustment;47;;
Pakiet;neu_tenderbundle;4.3.13;Ilość sztuk;neu_totalquantity;48;;
Pakiet;neu_tenderbundle;4.3.13;Ilość sztuk do SAP;neu_totalquantitysap;49;;
Pakiet;neu_tenderbundle;4.3.13;Marża brutto;neu_totalmarginbrutto;50;;
Pakiet;neu_tenderbundle;4.3.13;Marża brutto do SAP;neu_totalmarginbruttosap;51;;
Pakiet;neu_tenderbundle;4.3.13;Wartość netto oferta;neu_totalbudgetsale;52;;
Pakiet;neu_tenderbundle;4.3.13;Wartość Pakietu brutto;neu_totalamountbrutto;53;;
Pakiet;neu_tenderbundle;4.3.13;Wartość Pakietu netto;neu_totalamountnetto;54;;
Pakiet;neu_tenderbundle;4.3.13;Marża brutto (%);neu_totalmarginbruttopercent;55;;
Pakiet;neu_tenderbundle;4.3.13;Wartość netto SAP;neu_totalbudgetsalesap;56;;
Pakiet;neu_tenderbundle;4.3.13;Wartość brutto SAP;neu_budgetsalebruttosap;57;;
Pakiet;neu_tenderbundle;4.3.13;Cena do kalkulacji wartości narzutu;neu_pricetooverheadcalc;58;;
Pakiet;neu_tenderbundle;4.3.13;Cena do kalkulacji wartości narzutu do SAP;neu_pricetooverheadcalcsap;59;;
Pakiet;neu_tenderbundle;4.3.13;Narzut% PRE;neu_overheadpercentpre;60;;
Pakiet;neu_tenderbundle;4.3.13;Koszt własny ZACH;neu_totalzachcost;61;;
Pakiet;neu_tenderbundle;4.3.13;Koszt własny ZACH (%);neu_totalzachcostpercent;62;;
Pakiet;neu_tenderbundle;4.3.13;Korekty marży;neu_totalmarginadjustment;63;;
Pakiet;neu_tenderbundle;4.3.13;Korekty marży (%);neu_totalmarginadjustmentpercent;64;;
Pakiet;neu_tenderbundle;4.3.13;Marża urzędowo-umowna;neu_totalcontractualmargin;65;;
Pakiet;neu_tenderbundle;4.3.13;Marża urzędowo-umowna (%);neu_totalcontractualmarginpercent;66;;
Pakiet;neu_tenderbundle;4.3.13;Korzyści kontraktowe;neu_totalcontractualbenefits;67;;
Pakiet;neu_tenderbundle;4.3.13;Korzyści kontraktowe (%);neu_totalcontractualbenefitspercent;68;;
Pakiet;neu_tenderbundle;4.3.13;Zysk na sprzedaży;neu_totalprofitonsale;69;;
Pakiet;neu_tenderbundle;4.3.13;Zysk na sprzedaży (%);neu_totalprofitonsalespercent;70;;
Pakiet;neu_tenderbundle;4.3.13;Korzyści terminu od producenta;neu_totaltermbenefits;71;;
Pakiet;neu_tenderbundle;4.3.13;Korzyści terminu od producenta (%);neu_totaltermbenefitspercent;72;;
Pakiet;neu_tenderbundle;4.3.13;Finansowanie zapasów;neu_totalfinancinginventories;73;;
Pakiet;neu_tenderbundle;4.3.13;Finansowanie zapasów (%);neu_totalfinancinginventoriespercent;74;;
Pakiet;neu_tenderbundle;4.3.13;Koszty terminu podstawowego;neu_totalbasictermcosts;75;;
Pakiet;neu_tenderbundle;4.3.13;Koszty terminu podstawowego (%);neu_totalbasictermcostspercent;76;;
Pakiet;neu_tenderbundle;4.3.13;Koszty terminu opóźnień;neu_totaldelaycosts;77;;
Pakiet;neu_tenderbundle;4.3.13;Koszty terminu opóźnień (%);neu_totaldelaycostspercent;78;;
Pakiet;neu_tenderbundle;4.3.13;Przychody odsetkowe;neu_totalinterestincome;79;;
Pakiet;neu_tenderbundle;4.3.13;Przychody odsetkowe (%);neu_totalinterestincomepercent;80;;
Pakiet;neu_tenderbundle;4.3.13;Produkty Przetargu;;81;;
Pakiet;neu_tenderbundle;4.3.13;Utworzony przez;createdby;82;;
Pakiet;neu_tenderbundle;4.3.13;Zmodyfikowane przez;modifiedby;83;;
Pakiet;neu_tenderbundle;4.3.13;Właściciel;ownerid;84;;
Pakiet;neu_tenderbundle;4.3.13;Data utworzenia rekordu;createdon;85;;
Pakiet;neu_tenderbundle;4.3.13;Data modyfikacji rekordu;modifiedon;86;;
Pakiet;neu_tenderbundle;4.3.13;Flaga do poprzedniego statusu;neu_statepreflag;87;;
Pakiet;neu_tenderbundle;4.3.13;Flaga do 'Kalkuluj'.;neu_calcflag;88;;
Pakiet;neu_tenderbundle;4.3.13;Flaga do narzutu;neu_overheadflag;89;;
Pakiet;neu_tenderbundle;4.3.13;Flaga rekalkulacji walidacja;neu_isrecalcvalidation;90;;
Pakiet;neu_tenderbundle;4.3.13;Flaga propagacja narzutu walidacja;neu_isoverheadvalidation;91;;
Pakiet oferty cenowej;neu_quotebundle;4.3.14;Nazwa;neu_name;1;;
Pakiet oferty cenowej;neu_quotebundle;4.3.14;Oferta cenowa;neu_quoteid;2;;
Pakiet oferty cenowej;neu_quotebundle;4.3.14;Pakiet Przetargu;neu_tenderbundleid;3;;
Pakiet oferty cenowej;neu_quotebundle;4.3.14;Numer pakietu;neu_number;4;;
Pakiet oferty cenowej;neu_quotebundle;4.3.14;Data obowiązywania Pakietu OD;neu_validitydatefrom;5;;
Pakiet oferty cenowej;neu_quotebundle;4.3.14;Data obowiązywania Pakietu DO;neu_validitydateto;6;;
Pakiet oferty cenowej;neu_quotebundle;4.3.14;Umowa;neu_contractopid;7;;
Pakiet oferty cenowej;neu_quotebundle;4.3.14;Właściciel;ownerid;8;;
Pakiet oferty cenowej;neu_quotebundle;4.3.14;Narzut %;neu_overheadpercent;9;;
Pakiet oferty cenowej;neu_quotebundle;4.3.14;Podsumowanie korekt narzutu;neu_totaloverheadadjustment;10;;
Pakiet oferty cenowej;neu_quotebundle;4.3.14;Ilość sztuk;neu_totalquantity;11;;
Pakiet oferty cenowej;neu_quotebundle;4.3.14;Sprzedaż budżetowa oferta;neu_totalbudgetsale;12;;
Pakiet oferty cenowej;neu_quotebundle;4.3.14;Marża brutto;neu_totalmarginbrutto;13;;
Pakiet oferty cenowej;neu_quotebundle;4.3.14;Marża brutto (%);neu_totalmarginbruttopercent;14;;
Pakiet oferty cenowej;neu_quotebundle;4.3.14;Wartość Pakietu netto;neu_totalamountnetto;15;;
Pakiet oferty cenowej;neu_quotebundle;4.3.14;Wartość Pakietu brutto;neu_totalamountbrutto;16;;
Pakiet oferty cenowej;neu_quotebundle;4.3.14;Produkty;;17;;
Placowka;neu_institution_receiver;4.3.15;Nazwa;neu_name;1;;
Placowka;neu_institution_receiver;4.3.15;Beneficjent;neu_receiverid;2;;
Placowka;neu_institution_receiver;4.3.15;Produkt Przetargu;neu_tenderproductid;3;;
Placowka;neu_institution_receiver;4.3.15;Ilość jednostek miary;neu_unitamount;4;;
Placowka;neu_institution_receiver;4.3.15;Pole wynikowe OutputQuantity;neu_outputquantity;5;;
Placowka;neu_institution_receiver;4.3.15;Przetarg;neu_tenderid;6;;
Placowka;neu_institution_receiver;4.3.15;Właściciel;ownerid;7;;
Placowka;neu_institution_receiver;4.3.15;Data utworzenia;createdon;8;;
Placowka oferty cenowej;neu_quote_institution_receiver;4.3.16;Nazwa;neu_name;1;;
Placowka oferty cenowej;neu_quote_institution_receiver;4.3.16;Beneficjent;neu_receiverid;2;;
Placowka oferty cenowej;neu_quote_institution_receiver;4.3.16;Ilość jednostek miary;neu_unitamount;3;;
Placowka oferty cenowej;neu_quote_institution_receiver;4.3.16;Placówka;neu_institution_receiverid;4;;
Placowka oferty cenowej;neu_quote_institution_receiver;4.3.16;Produkt oferty cenowej;neu_quotedetailid;5;;
Placowka oferty cenowej;neu_quote_institution_receiver;4.3.16;Właściciel;ownerid;6;;
Pozycja cennika producenta;neu_listproducerpricelist;4.3.17;Nazwa;neu_name;1;;
Pozycja cennika producenta;neu_listproducerpricelist;4.3.17;Cennik;neu_producerpricelistid;2;;
Pozycja cennika producenta;neu_listproducerpricelist;4.3.17;Cena;neu_price;3;;
Pozycja cennika producenta;neu_listproducerpricelist;4.3.17;Produkt SAP;neu_productid;4;;
Pozycja cennika producenta;neu_listproducerpricelist;4.3.17;Limit ilościowy;neu_saleslimit;5;;
Pozycja cennika producenta;neu_listproducerpricelist;4.3.17;Właściciel;ownerid;6;;
Pozycja ZPZK;neu_listtradeterms;4.3.18;Nazwa;neu_name;1;;
Pozycja ZPZK;neu_listtradeterms;4.3.18;Cena ZPZK;neu_amount;2;;
Pozycja ZPZK;neu_listtradeterms;4.3.18;Przetarg;neu_tenderid;3;;
Pozycja ZPZK;neu_listtradeterms;4.3.18;Produkt SAP;neu_productid;4;;
Pozycja ZPZK;neu_listtradeterms;4.3.18;Warunki ZPZK;neu_tradetermsid;5;;
Pozycja ZPZK;neu_listtradeterms;4.3.18;Limit ilościowy ZPZK;neu_saleslimit;6;;
Pozycja ZPZK;neu_listtradeterms;4.3.18;Kod EAN;neu_eancode;7;;
Pozycja ZPZK;neu_listtradeterms;4.3.18;Sposób rozliczania;neu_settlementmethod;8;;
Pozycja ZPZK;neu_listtradeterms;4.3.18;Właściciel;ownerid;9;;
Pozycja ZPZK;neu_listtradeterms;4.3.18;Data utworzenia;createdon;10;;
Pozycja ZPZK;neu_listtradeterms;4.3.18;Ilość;neu_unitamount;11;;
Pozycja ZPZK;neu_listtradeterms;4.3.18;Numer Oferty Producenta;neu_code;12;;
Pozycja ZPZK;neu_listtradeterms;4.3.18;Wysłany do SAP;neu_issenttosap;13;;
Pozycja ZPZK;neu_listtradeterms;4.3.18;Produkty Przetargu;;14;;
Pozycja ZPZK Produkt Dopasowany;neu_listtradetermstenderproduct;4.3.19;Nazwa;neu_name;1;;
Pozycja ZPZK Produkt Dopasowany;neu_listtradetermstenderproduct;4.3.19;Właściciel;ownerid;2;;
Pozycja ZPZK Produkt Dopasowany;neu_listtradetermstenderproduct;4.3.19;Pozycja ZPZK;neu_listtradetermsid;3;;
Pozycja ZPZK Produkt Dopasowany;neu_listtradetermstenderproduct;4.3.19;Ilość;neu_unitamount;4;;
Pozycja ZPZK Produkt Dopasowany;neu_listtradetermstenderproduct;4.3.19;Produkt Dopasowany;neu_mappedproductid;5;;
Pozycja ZPZK Produkt Dopasowany;neu_listtradetermstenderproduct;4.3.19;Przetarg;neu_tenderid;6;;
Producent;neu_producer;4.3.20;Producent;neu_name;1;;
Producent;neu_producer;4.3.20;Kod SAP;neu_sapcode;2;;
Producent;neu_producer;4.3.20;Sposób rozliczania;neu_settlementmethod;3;;
Producent;neu_producer;4.3.20;Przedstawiciel;neu_contactid;4;;
Producent;neu_producer;4.3.20;Adres e-mail;emailaddress;5;;
Producent;neu_producer;4.3.20;Telefon;neu_phone;6;;
Producent;neu_producer;4.3.20;Fax;neu_fax;7;;
Producent;neu_producer;4.3.20;Ulica;neu_street;8;;
Producent;neu_producer;4.3.20;Kod pocztowy;neu_postalcode;9;;
Producent;neu_producer;4.3.20;Miasto;neu_city;10;;
Producent;neu_producer;4.3.20;Kraj;neu_country;11;;
Producent;neu_producer;4.3.20;Producent lecznictwa;neu_isproducerofproduct;12;;
Producent;neu_producer;4.3.20;Producent udziela warunków dla Lecznictwa;neu_istenderzpzkproducer;13;;
Producent;neu_producer;4.3.20;Plugin do generowania emaila;neu_createemailflag;14;;
Producent;neu_producer;4.3.20;Notatka;neu_note;15;;
Producent;neu_producer;4.3.20;Wyślij informację o wygranym przetargu;WebResource_ButtonProducerCreateEmail;16;;
Producent;neu_producer;4.3.20;Działania;;17;;
Producent;neu_producer;4.3.20;Notatki;;18;;
Producent;neu_producer;4.3.20;Producenci farmaceutyczni;;19;;
Producent Pharmindex;neu_producerofproduct;4.3.21;Przyczyna stanu;statuscode;1;;
Producent Pharmindex;neu_producerofproduct;4.3.21;Nazwa;neu_name;2;;
Producent Pharmindex;neu_producerofproduct;4.3.21;Producent sprzedażowy;neu_producersapid;3;;
Producent Pharmindex;neu_producerofproduct;4.3.21;Kod SAP;neu_sapcode;4;;
Producent Pharmindex;neu_producerofproduct;4.3.21;Rodzaj;neu_type;5;;
Producent Pharmindex;neu_producerofproduct;4.3.21;Producent własny;neu_isownproducer;6;;
Producent Pharmindex;neu_producerofproduct;4.3.21;ID Pharmindex;neu_pharmindexid;7;;
Producent Pharmindex;neu_producerofproduct;4.3.21;Status;neu_state;8;;
Producent Pharmindex;neu_producerofproduct;4.3.21;Opis;neu_description;9;;
Producent Pharmindex;neu_producerofproduct;4.3.21;Przedstawiciel;neu_contactid;10;;
Producent Pharmindex;neu_producerofproduct;4.3.21;E-mail;neu_email;11;;
Producent Pharmindex;neu_producerofproduct;4.3.21;Telefon;neu_phone;12;;
Producent Pharmindex;neu_producerofproduct;4.3.21;Fax;neu_fax;13;;
Producent Pharmindex;neu_producerofproduct;4.3.21;Ulica;neu_adress_line1;14;;
Producent Pharmindex;neu_producerofproduct;4.3.21;Nr domu;neu_adress_line2;15;;
Producent Pharmindex;neu_producerofproduct;4.3.21;Nr lokalu;neu_adress_line3;16;;
Producent Pharmindex;neu_producerofproduct;4.3.21;Kod pocztowy;neu_adress_postalcode;17;;
Producent Pharmindex;neu_producerofproduct;4.3.21;Miasto;neu_adress_city;18;;
Producent Pharmindex;neu_producerofproduct;4.3.21;Powiat;neu_adress_district;19;;
Producent Pharmindex;neu_producerofproduct;4.3.21;Województwo;neu_adress_province;20;;
Producent Pharmindex;neu_producerofproduct;4.3.21;Kraj;neu_country;21;;
Producent Pharmindex;neu_producerofproduct;4.3.21;Produkty Pharmindex;;22;;
Producent Pharmindex;neu_producerofproduct;4.3.21;Utworzony przez;createdby;23;;
Producent Pharmindex;neu_producerofproduct;4.3.21;Zmodyfikowane przez;modifiedby;24;;
Producent Pharmindex;neu_producerofproduct;4.3.21;Właściciel;ownerid;25;;
Producent Pharmindex;neu_producerofproduct;4.3.21;Data utworzenia;createdon;26;;
Producent Pharmindex;neu_producerofproduct;4.3.21;Data modyfikacji;modifiedon;27;;
Producent Preferowany;neu_preferredproducer;4.3.22;Nazwa;neu_name;1;;
Producent Preferowany;neu_preferredproducer;4.3.22;Pakiet;neu_tenderbundleid;2;;
Producent Preferowany;neu_preferredproducer;4.3.22;Producent sprzedażowy;neu_producersapid;3;;
Producent Preferowany;neu_preferredproducer;4.3.22;Priorytet;neu_prioritycode;4;;
Producent Preferowany;neu_preferredproducer;4.3.22;Właściciel;ownerid;5;;
Produkt Dopasowany;neu_mappedproduct;4.3.23;Przyczyna stanu;statuscode;1;;
Produkt Dopasowany;neu_mappedproduct;4.3.23;% Marża brutto;neu_marginbruttopercent;2;;
Produkt Dopasowany;neu_mappedproduct;4.3.23;Nazwa;neu_name;3;;
Produkt Dopasowany;neu_mappedproduct;4.3.23;Przetarg;neu_tenderid;4;;
Produkt Dopasowany;neu_mappedproduct;4.3.23;Struktura Przetargu;neu_tenderstructureid;5;;
Produkt Dopasowany;neu_mappedproduct;4.3.23;Typ dopasowania;neu_type;6;;
Produkt Dopasowany;neu_mappedproduct;4.3.23;Produkt Przetargu;neu_tenderproductid;7;;
Produkt Dopasowany;neu_mappedproduct;4.3.23;Produkt SAP;neu_productid;8;;
Produkt Dopasowany;neu_mappedproduct;4.3.23;Producent sprzedażowy;neu_salesproducerid;9;;
Produkt Dopasowany;neu_mappedproduct;4.3.23;Nieaktywny Produkt SAP;neu_isinactiveproductsap;10;;
Produkt Dopasowany;neu_mappedproduct;4.3.23;Produkt Pharmindex;neu_productpharmindexid;11;;
Produkt Dopasowany;neu_mappedproduct;4.3.23;Cena historyczna;neu_pricepreviouszpzk;12;;
Produkt Dopasowany;neu_mappedproduct;4.3.23;Kalkulacja z ceną historyczną;neu_ispriceprevious;13;;
Produkt Dopasowany;neu_mappedproduct;4.3.23;Wyłączony z rabatowania;neu_isexcludedfromdiscount;14;;
Produkt Dopasowany;neu_mappedproduct;4.3.23;Sposób przeliczania ceny jednostkowej;neu_priceperunitcalcmethod;15;;
Produkt Dopasowany;neu_mappedproduct;4.3.23;Status dopuszczenia do obrotu;neu_istradingadmissionstate;16;;
Produkt Dopasowany;neu_mappedproduct;4.3.23;Data dopuszczenia;neu_tradingadmissiondate;17;;
Produkt Dopasowany;neu_mappedproduct;4.3.23;Numer dopuszczenia;neu_tradingadmissionnumber;18;;
Produkt Dopasowany;neu_mappedproduct;4.3.23;Produkt w terminie przetargu;neu_istradingadmissiondateinterm;19;;
Produkt Dopasowany;neu_mappedproduct;4.3.23;Produkt w Programie Lekowym;neu_isdrugprogram;20;;
Produkt Dopasowany;neu_mappedproduct;4.3.23;Specjalistyczna umowa NFZ;neu_isspecializedcontractnfz;21;;
Produkt Dopasowany;neu_mappedproduct;4.3.23;Produkt problematyczny;neu_isproblem;22;;
Produkt Dopasowany;neu_mappedproduct;4.3.23;Powód problematyczności produktu;neu_problemdescription;23;;
Produkt Dopasowany;neu_mappedproduct;4.3.23;Status zaopatrzenia;neu_supplystatus;24;;
Produkt Dopasowany;neu_mappedproduct;4.3.23;Aktywny w Pharmindex;neu_isactiveinpharmindex;25;;
Produkt Dopasowany;neu_mappedproduct;4.3.23;Wymagana akceptacja;neu_isaccept;26;;
Produkt Dopasowany;neu_mappedproduct;4.3.23;Powód akceptacji;neu_acceptdescription;27;;
Produkt Dopasowany;neu_mappedproduct;4.3.23;Wyczyść typ dopasowania;WebResource_neu_mappedproductaClearTypeButton;28;;
Produkt Dopasowany;neu_mappedproduct;4.3.23;Nazwa handlowa;neu_nametrade;29;;
Produkt Dopasowany;neu_mappedproduct;4.3.23;Kod EAN;neu_eancode;30;;
Produkt Dopasowany;neu_mappedproduct;4.3.23;Kod SAP;neu_sapcode;31;;
Produkt Dopasowany;neu_mappedproduct;4.3.23;Kod BLOZ7;neu_bloz7code;32;;
Produkt Dopasowany;neu_mappedproduct;4.3.23;Kod BLOZ12;neu_bloz12code;33;;
Produkt Dopasowany;neu_mappedproduct;4.3.23;Nieaktywny Produkt SAP;neu_isinactiveproductsap;34;;
Produkt Dopasowany;neu_mappedproduct;4.3.23;Typ;neu_typedrug;35;;
Produkt Dopasowany;neu_mappedproduct;4.3.23;Dopuszczony-Pharmindex brak;neu_csioz;36;;
Produkt Dopasowany;neu_mappedproduct;4.3.23;Sposób rozliczania;neu_settlementmethod;37;;
Produkt Dopasowany;neu_mappedproduct;4.3.23;Warunki z ostatnich 12 miesięcy;neu_istradetermslastyear;38;;
Produkt Dopasowany;neu_mappedproduct;4.3.23;Ostatnia data otrzymania warunków;neu_lastzpzkdate;39;;
Produkt Dopasowany;neu_mappedproduct;4.3.23;Ostatnia cena ZPZK z otrzymanych warunków;neu_lastpricezpzk;40;;
Produkt Dopasowany;neu_mappedproduct;4.3.23;Numer Oferty Producenta;neu_code;41;;
Produkt Dopasowany;neu_mappedproduct;4.3.23;Typ kalkulacji z otrzymanych warunków;neu_caltulationtype;42;;
Produkt Dopasowany;neu_mappedproduct;4.3.23;Nazwa międzynarodowa;neu_nameinternational;43;;
Produkt Dopasowany;neu_mappedproduct;4.3.23;Postać;neu_form;44;;
Produkt Dopasowany;neu_mappedproduct;4.3.23;Dawka;neu_dosage;45;;
Produkt Dopasowany;neu_mappedproduct;4.3.23;Jednostka;neu_unit;46;;
Produkt Dopasowany;neu_mappedproduct;4.3.23;Sposób przeliczania wielkości opakowań;neu_packagingcalculatemethod;47;;
Produkt Dopasowany;neu_mappedproduct;4.3.23;Problem z przeliczeniem ilości jednostek miary;neu_unitamountproblem;48;;
Produkt Dopasowany;neu_mappedproduct;4.3.23;Ilość jednostek miary do kalkulacji;neu_unitamount;49;;
Produkt Dopasowany;neu_mappedproduct;4.3.23;Ilość jednostek miary do kalkulacji - zmiana;neu_unitamountchange;50;;
Produkt Dopasowany;neu_mappedproduct;4.3.23;Ilość jednostek miary do SAP;neu_unitamountsap;51;;
Produkt Dopasowany;neu_mappedproduct;4.3.23;Opakowanie;neu_packaging;52;;
Produkt Dopasowany;neu_mappedproduct;4.3.23;Ilość sztuk w opakowaniu;neu_packagingqty;53;;
Produkt Dopasowany;neu_mappedproduct;4.3.23;Ilość sztuk w opakowaniu - zmiana;neu_packagingqtychange;54;;
Produkt Dopasowany;neu_mappedproduct;4.3.23;Opakowanie zbiorcze;neu_packagingset;55;;
Produkt Dopasowany;neu_mappedproduct;4.3.23;Droga podania;neu_routeofadministration;56;;
Produkt Dopasowany;neu_mappedproduct;4.3.23;Substancja czynna;neu_activesubstance;57;;
Produkt Dopasowany;neu_mappedproduct;4.3.23;Idealna dawka;neu_perfectdosage;58;;
Produkt Dopasowany;neu_mappedproduct;4.3.23;Nazwa rozczytana;neu_namefromexcel;59;;
Produkt Dopasowany;neu_mappedproduct;4.3.23;Postać rozczytana;neu_formfromexcel;60;;
Produkt Dopasowany;neu_mappedproduct;4.3.23;Dawka rozczytana;neu_dosagefromexcel;61;;
Produkt Dopasowany;neu_mappedproduct;4.3.23;Jednostka rozczytana;neu_unitfromexcel;62;;
Produkt Dopasowany;neu_mappedproduct;4.3.23;Ilość jednostek miary rozczytana;neu_unitamountfromexcel;63;;
Produkt Dopasowany;neu_mappedproduct;4.3.23;Opakowanie rozczytane;neu_packagingfromexcel;64;;
Produkt Dopasowany;neu_mappedproduct;4.3.23;Ilość sztuk rozczytana;neu_quantityfromexcel;65;;
Produkt Dopasowany;neu_mappedproduct;4.3.23;Opakowanie do przeliczeń;neu_packageforcalc;66;;
Produkt Dopasowany;neu_mappedproduct;4.3.23;Dodaj do ZPZK;WebResource_neu_mappedproductaddPositionZPZK;67;;
Produkt Dopasowany;neu_mappedproduct;4.3.23;Ustaw indeks 0;WebResource_ButtonAddIndexZero;68;;
Produkt Dopasowany;neu_mappedproduct;4.3.23;Rekalkuluj;WebResource_neu_mappedproductCalc;69;;
Produkt Dopasowany;neu_mappedproduct;4.3.23;% Narzut;neu_overheadpercent;70;;
Produkt Dopasowany;neu_mappedproduct;4.3.23;Cena zakupu ZACZ;neu_pricepurchase;71;;
Produkt Dopasowany;neu_mappedproduct;4.3.23;Cena jednostkowa ZACZ;neu_pricepurchaseunit;72;;
Produkt Dopasowany;neu_mappedproduct;4.3.23;% Marża brutto;neu_marginbruttopercent;73;;
Produkt Dopasowany;neu_mappedproduct;4.3.23;Cena sprzedaży;neu_priceselling;74;;
Produkt Dopasowany;neu_mappedproduct;4.3.23;Sprzedaż budżetowa brutto SAP;neu_budgetsalebruttosap;75;;
Produkt Dopasowany;neu_mappedproduct;4.3.23;Korekta narzutu;neu_overheadadjustment;76;;
Produkt Dopasowany;neu_mappedproduct;4.3.23;Cena specjalna zakupu ZPZK;neu_pricespecialpurchase;77;;
Produkt Dopasowany;neu_mappedproduct;4.3.23;Cena jednostkowa ZPZK;neu_pricespecialpurchaseunit;78;;
Produkt Dopasowany;neu_mappedproduct;4.3.23;Limit twardy;neu_istradetermssalelimit;79;;
Produkt Dopasowany;neu_mappedproduct;4.3.23;Sprzedaż budżetowa oferta;neu_budgetsale;80;;
Produkt Dopasowany;neu_mappedproduct;4.3.23;Marża brutto do SAP;neu_marginbruttosap;81;;
Produkt Dopasowany;neu_mappedproduct;4.3.23;VAT (%);neu_vatrate;82;;
Produkt Dopasowany;neu_mappedproduct;4.3.23;Cena zakupu po rabatach;neu_pricepurchaseafterdiscounts;83;;
Produkt Dopasowany;neu_mappedproduct;4.3.23;RSS netto;neu_pricerss;84;;
Produkt Dopasowany;neu_mappedproduct;4.3.23;Cena urzędowa;neu_priceassize;85;;
Produkt Dopasowany;neu_mappedproduct;4.3.23;Cena handlowa po podwyżce;neu_pricetradeafterrise;86;;
Produkt Dopasowany;neu_mappedproduct;4.3.23;Sprzedaż budżetowa SAP;neu_budgetsalesap;87;;
Produkt Dopasowany;neu_mappedproduct;4.3.23;Ilość jednostek miary do kalkulacji;neu_unitamount;88;;
Produkt Dopasowany;neu_mappedproduct;4.3.23;Cena jednostki miary;neu_priceperunit;89;;
Produkt Dopasowany;neu_mappedproduct;4.3.23;Wycena za sztukę;neu_ispricingperitem;90;;
Produkt Dopasowany;neu_mappedproduct;4.3.23;Data podwyżki producenta;neu_pricetraderisedate;91;;
Produkt Dopasowany;neu_mappedproduct;4.3.23;Cena hurtowa ZCCG;neu_pricewholesalezccg;92;;
Produkt Dopasowany;neu_mappedproduct;4.3.23;MW / IR;neu_isproducermwir;93;;
Produkt Dopasowany;neu_mappedproduct;4.3.23;Limit ceny Programu Lekowego;neu_pricedrugprogramlimit;94;;
Produkt Dopasowany;neu_mappedproduct;4.3.23;Cena sprzedaży brutto;neu_pricesellingbrutto;95;;
Produkt Dopasowany;neu_mappedproduct;4.3.23;Szacowana cena zakupu po podwyżce;neu_pricepurchaseafterriseestimated;96;;
Produkt Dopasowany;neu_mappedproduct;4.3.23;Maksymalna cena hurtowa;neu_pricewholesalemaximum;97;;
Produkt Dopasowany;neu_mappedproduct;4.3.23;Jednostkowa różnica między ceną specjalną a zakupu;neu_unitdifferencepricespecialvspurchase;98;;
Produkt Dopasowany;neu_mappedproduct;4.3.23;Cena jednostki miary proponowana;neu_priceperunitnew;99;;
Produkt Dopasowany;neu_mappedproduct;4.3.23;Koszt własny ZACH;neu_costzach;100;;
Produkt Dopasowany;neu_mappedproduct;4.3.23;Marża brutto;neu_marginbrutto;101;;
Produkt Dopasowany;neu_mappedproduct;4.3.23;% Finansowanie zapasów;neu_stockfinancingpercent;102;;
Produkt Dopasowany;neu_mappedproduct;4.3.23;% Korzyści do ZACH;neu_percentbenefitforzach;103;;
Produkt Dopasowany;neu_mappedproduct;4.3.23;Finansowanie zapasów;neu_stockfinancing;104;;
Produkt Dopasowany;neu_mappedproduct;4.3.23;Korekty marży + kontrakt fakturowy;neu_marginadjustmentswithinvoicecontract;105;;
Produkt Dopasowany;neu_mappedproduct;4.3.23;% Marża brutto;neu_marginbruttopercent;106;;
Produkt Dopasowany;neu_mappedproduct;4.3.23;Finansowanie zapasów (dni);neu_stockfinancingdays;107;;
Produkt Dopasowany;neu_mappedproduct;4.3.23;Korzyści kontaktowe pozafakturowe;neu_noncontractualinvoicebenefits;108;;
Produkt Dopasowany;neu_mappedproduct;4.3.23;Zysk maksymalny;neu_profitonsalemaximum;109;;
Produkt Dopasowany;neu_mappedproduct;4.3.23;Marża urzędowo-umowna;neu_margincontractual;110;;
Produkt Dopasowany;neu_mappedproduct;4.3.23;% Korzyści terminu od dostawcy;neu_termbenefitspercent;111;;
Produkt Dopasowany;neu_mappedproduct;4.3.23;Koszt terminu podstawowego;neu_costofbasicterm;112;;
Produkt Dopasowany;neu_mappedproduct;4.3.23;Korzyści terminu;neu_termbenefits;113;;
Produkt Dopasowany;neu_mappedproduct;4.3.23;Zysk na sprzedaży;neu_profitonsale;114;;
Produkt Dopasowany;neu_mappedproduct;4.3.23;% Marża urzędowo-umowna;neu_margincontractualpercent;115;;
Produkt Dopasowany;neu_mappedproduct;4.3.23;Korzyści terminu od dostawcy (dni);neu_termbenefitsdays;116;;
Produkt Dopasowany;neu_mappedproduct;4.3.23;Koszt terminu opóźnień;neu_costofdelays;117;;
Produkt Dopasowany;neu_mappedproduct;4.3.23;Przychody odsetkowe;neu_interestincome;118;;
Produkt Dopasowany;neu_mappedproduct;4.3.23;Cena handlowa ZACH;neu_pricetrade;119;;
Produkt Dopasowany;neu_mappedproduct;4.3.23;Cena specjalna związana z podwyżką;neu_pricespecialafterrise;120;;
Produkt Dopasowany;neu_mappedproduct;4.3.23;Cena zakupu MW / IR;neu_pricepurchasemwir;121;;
Produkt Dopasowany;neu_mappedproduct;4.3.23;Cena sprzedaży MW / IR;neu_pricesellingmwir;122;;
Produkt Dopasowany;neu_mappedproduct;4.3.23;Jednostkowe korzyści pozafakturowe;neu_unitnoncontractualbenefits;123;;
Produkt Dopasowany;neu_mappedproduct;4.3.23;Info RSS;neu_inforss;124;;
Produkt Dopasowany;neu_mappedproduct;4.3.23;Flaga generowania pozycji ZPZK;neu_isgeneratepositionzpzk;125;;
Produkt Dopasowany;neu_mappedproduct;4.3.23;Flaga indeksu zero;neu_zeroindexflag;126;;
Produkt Dopasowany;neu_mappedproduct;4.3.23;Info urzędowa;neu_infopriceassize;127;;
Produkt Dopasowany;neu_mappedproduct;4.3.23;Flaga do kalkulacji;neu_calcflag;128;;
Produkt Dopasowany;neu_mappedproduct;4.3.23;Info lImit lprogramu lekowego;neu_infodrugprogram;129;;
Produkt Dopasowany;neu_mappedproduct;4.3.23;Flaga do wyrównywania cen;neu_samepriceflag;130;;
Produkt Dopasowany;neu_mappedproduct;4.3.23;Data utworzenia;createdon;131;;
Produkt Dopasowany;neu_mappedproduct;4.3.23;Data modyfikacji;modifiedon;132;;
Produkt Dopasowany;neu_mappedproduct;4.3.23;Utworzone przez;createdby;133;;
Produkt Dopasowany;neu_mappedproduct;4.3.23;Zmodyfikowany przez;modifiedby;134;;
Produkt Dopasowany;neu_mappedproduct;4.3.23;Właściciel;ownerid;135;;
Produkt Dopasowany;neu_mappedproduct;4.3.23;Wynik dopasowania;neu_score;136;;
Produkt oferty cenowej;neu_quotedetail;4.3.24;Nazwa;neu_name;1;;
Produkt oferty cenowej;neu_quotedetail;4.3.24;Produkt nadrzędny;neu_quotedetailmainid;2;;
Produkt oferty cenowej;neu_quotedetail;4.3.24;Typ dopasowania;neu_type;3;;
Produkt oferty cenowej;neu_quotedetail;4.3.24;Umowa;neu_contractopid;4;;
Produkt oferty cenowej;neu_quotedetail;4.3.24;Przetarg;neu_tenderid;5;;
Produkt oferty cenowej;neu_quotedetail;4.3.24;Pakiet;neu_tenderbundleid;6;;
Produkt oferty cenowej;neu_quotedetail;4.3.24;Produkt Przetargu;neu_tenderproductid;7;;
Produkt oferty cenowej;neu_quotedetail;4.3.24;Produkt SAP;neu_productid;8;;
Produkt oferty cenowej;neu_quotedetail;4.3.24;SAP Produktu;neu_sapcodetxt;9;;
Produkt oferty cenowej;neu_quotedetail;4.3.24;Kod EAN;neu_eancode;10;;
Produkt oferty cenowej;neu_quotedetail;4.3.24;Nazwa handlowa;neu_nametrade;11;;
Produkt oferty cenowej;neu_quotedetail;4.3.24;Producent sprzedażowy;neu_salesproducerid;12;;
Produkt oferty cenowej;neu_quotedetail;4.3.24;Nazwa producenta;neu_producername;13;;
Produkt oferty cenowej;neu_quotedetail;4.3.24;Oferta cenowa;neu_quoteid;14;;
Produkt oferty cenowej;neu_quotedetail;4.3.24;Pakiet oferty cenowej;neu_quotebundleid;15;;
Produkt oferty cenowej;neu_quotedetail;4.3.24;Data obowiązywania Pakietu OD;neu_validitydatefrom;16;;
Produkt oferty cenowej;neu_quotedetail;4.3.24;Data obowiązywania Pakietu DO;neu_validitydateto;17;;
Produkt oferty cenowej;neu_quotedetail;4.3.24;Sposób rozliczania;neu_settlementmethod;18;;
Produkt oferty cenowej;neu_quotedetail;4.3.24;Powód odrzucenia;neu_rejectioncausedescription;19;;
Produkt oferty cenowej;neu_quotedetail;4.3.24;Pole techniczne Lp SAP;neu_lpsap;20;;
Produkt oferty cenowej;neu_quotedetail;4.3.24;Liczba porządkowa produktu przetargu;neu_ordinalnumberfromtenderproduct;21;;
Produkt oferty cenowej;neu_quotedetail;4.3.24;Dawka;neu_dosage;22;;
Produkt oferty cenowej;neu_quotedetail;4.3.24;Opakowanie;neu_packaging;23;;
Produkt oferty cenowej;neu_quotedetail;4.3.24;Postać;neu_form;24;;
Produkt oferty cenowej;neu_quotedetail;4.3.24;Numer dopuszczenia;neu_tradingadmissionnumber;25;;
Produkt oferty cenowej;neu_quotedetail;4.3.24;Sposób przeliczania wielkości opakowań;neu_packagingcalculatemethod;26;;
Produkt oferty cenowej;neu_quotedetail;4.3.24;Sposób przeliczania ceny jednostkowej;neu_priceperunitcalcmethod;27;;
Produkt oferty cenowej;neu_quotedetail;4.3.24;Znak sprawy u Producenta;neu_casesignfromproducer;28;;
Produkt oferty cenowej;neu_quotedetail;4.3.24;Jednostka ceny;neu_priceunit;29;;
Produkt oferty cenowej;neu_quotedetail;4.3.24;Jednostka miary;neu_unit;30;;
Produkt oferty cenowej;neu_quotedetail;4.3.24;Wycena za sztukę;neu_ispricingperitem;31;;
Produkt oferty cenowej;neu_quotedetail;4.3.24;Numer oferty Producenta;neu_code;32;;
Produkt oferty cenowej;neu_quotedetail;4.3.24;Czy wysłany do SAP;neu_issenttosap;33;;
Produkt oferty cenowej;neu_quotedetail;4.3.24;Wymagana akceptacja;neu_isaccept;34;;
Produkt oferty cenowej;neu_quotedetail;4.3.24;Output Sheet;neu_outputsheet;35;;
Produkt oferty cenowej;neu_quotedetail;4.3.24;Output RowNum;neu_outputrownum;36;;
Produkt oferty cenowej;neu_quotedetail;4.3.24;Adresacje produktów oferty cenowej;;37;;
Produkt oferty cenowej;neu_quotedetail;4.3.24;Placówki oferty cenowej;;38;;
Produkt oferty cenowej;neu_quotedetail;4.3.24;% Narzut;neu_overheadpercent;39;;
Produkt oferty cenowej;neu_quotedetail;4.3.24;Cena zakupu ZACZ;neu_pricepurchase;40;;
Produkt oferty cenowej;neu_quotedetail;4.3.24;% Marża brutto;neu_marginbruttopercent;41;;
Produkt oferty cenowej;neu_quotedetail;4.3.24;Korekta narzutu;neu_overheadadjustment;42;;
Produkt oferty cenowej;neu_quotedetail;4.3.24;Cena specjalna zakupu ZPZK;neu_pricespecialpurchase;43;;
Produkt oferty cenowej;neu_quotedetail;4.3.24;Limit twardy;neu_istradetermssalelimit;44;;
Produkt oferty cenowej;neu_quotedetail;4.3.24;VAT (%);neu_vatrate;45;;
Produkt oferty cenowej;neu_quotedetail;4.3.24;Cena zakupu po rabatach;neu_pricepurchaseafterdiscounts;46;;
Produkt oferty cenowej;neu_quotedetail;4.3.24;Sprzedaż budżetowa oferta;neu_budgetsale;47;;
Produkt oferty cenowej;neu_quotedetail;4.3.24;Cena jednostki miary;neu_priceperunit;48;;
Produkt oferty cenowej;neu_quotedetail;4.3.24;Ilość jednostek miary;neu_unitamount;49;;
Produkt oferty cenowej;neu_quotedetail;4.3.24;Cena sprzedaży ZCPG;neu_priceselling;50;;
Produkt oferty cenowej;neu_quotedetail;4.3.24;Cena sprzedaży brutto ZCPO;neu_pricesellingbrutto;51;;
Produkt oferty cenowej;neu_quotedetail;4.3.24;Ilość sztuk do SAP;neu_unitamountsap;52;;
Produkt oferty cenowej;neu_quotedetail;4.3.24;Data utworzenia;createdon;53;;
Produkt oferty cenowej;neu_quotedetail;4.3.24;Data modyfikacji;modifiedon;54;;
Produkt oferty cenowej;neu_quotedetail;4.3.24;Utworzone przez;createdby;55;;
Produkt oferty cenowej;neu_quotedetail;4.3.24;Zmodyfikowany przez;modifiedby;56;;
Produkt oferty cenowej;neu_quotedetail;4.3.24;Właściciel;ownerid;57;;
Produkt Przetargu;neu_tenderproduct;4.3.25;Przyczyna stanu;statuscode;1;;
Produkt Przetargu;neu_tenderproduct;4.3.25;% Marża brutto;neu_marginbruttopercent;2;;
Produkt Przetargu;neu_tenderproduct;4.3.25;Nazwa;neu_name;3;;
Produkt Przetargu;neu_tenderproduct;4.3.25;Przetarg;neu_tenderid;4;;
Produkt Przetargu;neu_tenderproduct;4.3.25;Pakiet;neu_tenderbundleid;5;;
Produkt Przetargu;neu_tenderproduct;4.3.25;Struktura Przetargu;neu_tenderstructureid;6;;
Produkt Przetargu;neu_tenderproduct;4.3.25;Status;neu_state;7;;
Produkt Przetargu;neu_tenderproduct;4.3.25;Powód odrzucenia;neu_rejectioncausedescription;8;;
Produkt Przetargu;neu_tenderproduct;4.3.25;Cena historyczna;neu_pricepreviouszpzk;9;;
Produkt Przetargu;neu_tenderproduct;4.3.25;Wyłączony z rabatowania;neu_isexcludedfromdiscount;10;;
Produkt Przetargu;neu_tenderproduct;4.3.25;Output Sheet;neu_outputsheet;11;;
Produkt Przetargu;neu_tenderproduct;4.3.25;Rodzaj umowy;neu_contracttype;12;;
Produkt Przetargu;neu_tenderproduct;4.3.25;Poprzedni status;neu_statepre;13;;
Produkt Przetargu;neu_tenderproduct;4.3.25;Notatka;neu_note;14;;
Produkt Przetargu;neu_tenderproduct;4.3.25;Nazwa handlowa;neu_nametrade;15;;
Produkt Przetargu;neu_tenderproduct;4.3.25;Kod EAN;neu_eancode;16;;
Produkt Przetargu;neu_tenderproduct;4.3.25;Kod SAP;neu_sapcode;17;;
Produkt Przetargu;neu_tenderproduct;4.3.25;Kod BLOZ7;neu_bloz7code;18;;
Produkt Przetargu;neu_tenderproduct;4.3.25;Kod BLOZ12;neu_bloz12code;19;;
Produkt Przetargu;neu_tenderproduct;4.3.25;Typ;neu_typedrug;20;;
Produkt Przetargu;neu_tenderproduct;4.3.25;Pakiet;neu_tenderbundleid;21;;
Produkt Przetargu;neu_tenderproduct;4.3.25;Numer pozycji w Pakiecie;neu_numberinbundlefromxls;22;;
Produkt Przetargu;neu_tenderproduct;4.3.25;Produkt w innym pakiecie;neu_ismultipliedinbundles;23;;
Produkt Przetargu;neu_tenderproduct;4.3.25;Producent sprzedażowy;neu_salesproducerid;24;;
Produkt Przetargu;neu_tenderproduct;4.3.25;Produkt SAP;neu_productid;25;;
Produkt Przetargu;neu_tenderproduct;4.3.25;Warunki z ostatnich 12 miesięcy;neu_istradetermslastyear;26;;
Produkt Przetargu;neu_tenderproduct;4.3.25;Ostatnia data otrzymania warunków;neu_lastzpzkdate;27;;
Produkt Przetargu;neu_tenderproduct;4.3.25;Ostatnia cena ZPZK z otrzymanych warunków;neu_lastpricezpzk;28;;
Produkt Przetargu;neu_tenderproduct;4.3.25;Typ kalkulacji z otrzymanych warunków;neu_caltulationtype;29;;
Produkt Przetargu;neu_tenderproduct;4.3.25;Nazwa międzynarodowa;neu_nameinternational;30;;
Produkt Przetargu;neu_tenderproduct;4.3.25;Postać;neu_form;31;;
Produkt Przetargu;neu_tenderproduct;4.3.25;Dawka;neu_dosage;32;;
Produkt Przetargu;neu_tenderproduct;4.3.25;Jednostka miary proponowana;neu_unit;33;;
Produkt Przetargu;neu_tenderproduct;4.3.25;Problem z przeliczeniem ilości jednostek miary;neu_unitamountproblem;34;;
Produkt Przetargu;neu_tenderproduct;4.3.25;Ilość jednostek miary do kalkulacji;neu_unitamount;35;;
Produkt Przetargu;neu_tenderproduct;4.3.25;Ilość jednostek miary do kalkulacji - zmiana;neu_unitamountchange;36;;
Produkt Przetargu;neu_tenderproduct;4.3.25;Ilość jednostek miary do SAP;neu_unitamountsap;37;;
Produkt Przetargu;neu_tenderproduct;4.3.25;Opakowanie;neu_packaging;38;;
Produkt Przetargu;neu_tenderproduct;4.3.25;Ilość sztuk w opakowaniu;neu_packagingqty;39;;
Produkt Przetargu;neu_tenderproduct;4.3.25;Ilość sztuk w opakowaniu - zmiana;neu_packagingqtychange;40;;
Produkt Przetargu;neu_tenderproduct;4.3.25;Opakowanie zbiorcze;neu_packagingset;41;;
Produkt Przetargu;neu_tenderproduct;4.3.25;Droga podania;neu_routeofadministration;42;;
Produkt Przetargu;neu_tenderproduct;4.3.25;Substancja czynna;neu_activesubstance;43;;
Produkt Przetargu;neu_tenderproduct;4.3.25;Nazwa rozczytana;neu_namefromexcel;44;;
Produkt Przetargu;neu_tenderproduct;4.3.25;Postać rozczytana;neu_formfromexcel;45;;
Produkt Przetargu;neu_tenderproduct;4.3.25;Dawka rozczytana;neu_dosagefromexcel;46;;
Produkt Przetargu;neu_tenderproduct;4.3.25;Jednostka rozczytana;neu_unitfromexcel;47;;
Produkt Przetargu;neu_tenderproduct;4.3.25;Ilość jednostek miary z zapytania (specyfikacji);neu_unitamountfromexcel;48;;
Produkt Przetargu;neu_tenderproduct;4.3.25;Opakowanie rozczytane;neu_packagefromexcel;49;;
Produkt Przetargu;neu_tenderproduct;4.3.25;Ilość sztuk rozczytana;neu_quantityfromexcel;50;;
Produkt Przetargu;neu_tenderproduct;4.3.25;Output RowNum;neu_outputrownum;51;;
Produkt Przetargu;neu_tenderproduct;4.3.25;Output Sheet;neu_outputsheet;52;;
Produkt Przetargu;neu_tenderproduct;4.3.25;Opakowanie do przeliczeń;neu_packageforcalc;53;;
Produkt Przetargu;neu_tenderproduct;4.3.25;Sprawdzono;neu_ischecked;54;;
Produkt Przetargu;neu_tenderproduct;4.3.25;Prawidłowo zmapowany;neu_iscorrectmappeditem;55;;
Produkt Przetargu;neu_tenderproduct;4.3.25;Prawidłowo skalkulowany;neu_iscorrectcalculateditem;56;;
Produkt Przetargu;neu_tenderproduct;4.3.25;Liczba dopasowanych produktów;neu_numberofmappedproducts;57;;
Produkt Przetargu;neu_tenderproduct;4.3.25;Zremapuj produkt;WebResource_ButtonTenderProductRunMapper;58;;
Produkt Przetargu;neu_tenderproduct;4.3.25;Produkty Dopasowane;;59;;
Produkt Przetargu;neu_tenderproduct;4.3.25;Dodaj do ZPZK;WebResource_neu_tenderproductaddPositionZPZK;60;;
Produkt Przetargu;neu_tenderproduct;4.3.25;Rekalkuluj;WebResource_CalcButton;61;;
Produkt Przetargu;neu_tenderproduct;4.3.25;Czas ostatniej rekalkulacji;neu_lastcalctime;62;;
Produkt Przetargu;neu_tenderproduct;4.3.25;Narzut% PRE;neu_overheadpercentpre;63;;
Produkt Przetargu;neu_tenderproduct;4.3.25;% Narzut;neu_overheadpercent;64;;
Produkt Przetargu;neu_tenderproduct;4.3.25;Cena zakupu ZACZ;neu_pricepurchase;65;;
Produkt Przetargu;neu_tenderproduct;4.3.25;Cena jednostkowa ZACZ;neu_pricepurchaseunit;66;;
Produkt Przetargu;neu_tenderproduct;4.3.25;% Marża brutto;neu_marginbruttopercent;67;;
Produkt Przetargu;neu_tenderproduct;4.3.25;Cena sprzedaży;neu_priceselling;68;;
Produkt Przetargu;neu_tenderproduct;4.3.25;Wartość netto  SAP;neu_budgetsalesap;69;;
Produkt Przetargu;neu_tenderproduct;4.3.25;Korekta narzutu;neu_overheadadjustment;70;;
Produkt Przetargu;neu_tenderproduct;4.3.25;Cena specjalna zakupu ZPZK;neu_pricespecialpurchase;71;;
Produkt Przetargu;neu_tenderproduct;4.3.25;Cena jednostkowa ZPZK;neu_pricespecialpurchaseunit;72;;
Produkt Przetargu;neu_tenderproduct;4.3.25;Limit twardy;neu_istradetermssalelimit;73;;
Produkt Przetargu;neu_tenderproduct;4.3.25;Wartość netto oferta;neu_budgetsale;74;;
Produkt Przetargu;neu_tenderproduct;4.3.25;Limit sprzedaży;neu_tradetermssalelimit;75;;
Produkt Przetargu;neu_tenderproduct;4.3.25;VAT (%);neu_vatrate;76;;
Produkt Przetargu;neu_tenderproduct;4.3.25;Cena zakupu po rabatach;neu_pricepurchaseafterdiscounts;77;;
Produkt Przetargu;neu_tenderproduct;4.3.25;RSS netto;neu_pricerss;78;;
Produkt Przetargu;neu_tenderproduct;4.3.25;Cena urzędowa;neu_priceassize;79;;
Produkt Przetargu;neu_tenderproduct;4.3.25;Cena handlowa po podwyżce;neu_pricetradeafterrise;80;;
Produkt Przetargu;neu_tenderproduct;4.3.25;Cena hurtowa ZCCG;neu_pricewholesalezccg;81;;
Produkt Przetargu;neu_tenderproduct;4.3.25;Wartość brutto SAP;neu_budgetsalebruttosap;82;;
Produkt Przetargu;neu_tenderproduct;4.3.25;Ilość jednostek miary do kalkulacji;neu_unitamount;83;;
Produkt Przetargu;neu_tenderproduct;4.3.25;Cena jednostki miary;neu_priceperunit;84;;
Produkt Przetargu;neu_tenderproduct;4.3.25;Wycena za sztukę;neu_ispricingperitem;85;;
Produkt Przetargu;neu_tenderproduct;4.3.25;Data podwyżki producenta;neu_pricetraderisedate;86;;
Produkt Przetargu;neu_tenderproduct;4.3.25;Cena do kalkulacji wartości narzutu;neu_pricetooverheadcalc;87;;
Produkt Przetargu;neu_tenderproduct;4.3.25;Marża brutto do SAP;neu_marginbruttosap;88;;
Produkt Przetargu;neu_tenderproduct;4.3.25;Cena do kalkulacji wartości narzutu do SAP;neu_pricetooverheadcalcsap;89;;
Produkt Przetargu;neu_tenderproduct;4.3.25;Specjalistyczna umowa NFZ;neu_isspecializedcontractnfz;90;;
Produkt Przetargu;neu_tenderproduct;4.3.25;Produkt w Programie Lekowym;neu_isdrugprogram;91;;
Produkt Przetargu;neu_tenderproduct;4.3.25;Produkt problematyczny;neu_isproblem;92;;
Produkt Przetargu;neu_tenderproduct;4.3.25;Status dopuszczenia do obrotu;neu_istradingadmissionstate;93;;
Produkt Przetargu;neu_tenderproduct;4.3.25;Data dopuszczenia;neu_tradingadmissiondate;94;;
Produkt Przetargu;neu_tenderproduct;4.3.25;Numer dopuszczenia;neu_tradingadmissionnumber;95;;
Produkt Przetargu;neu_tenderproduct;4.3.25;Nazwa handlowa;neu_istradename;96;;
Produkt Przetargu;neu_tenderproduct;4.3.25;Sposób przeliczania ceny jednostkowej;neu_priceperunitcalcmethod;97;;
Produkt Przetargu;neu_tenderproduct;4.3.25;Reguła zmiany wielkości opakowania;neu_packagingchangemethod;98;;
Produkt Przetargu;neu_tenderproduct;4.3.25;Wartość X;neu_packagingchangemethodvalue_x;99;;
Produkt Przetargu;neu_tenderproduct;4.3.25;Sposób przeliczania wielkości opakowań;neu_packagingcalculatemethod;100;;
Produkt Przetargu;neu_tenderproduct;4.3.25;Zgoda na Zamienniki;neu_issubstitutesconsent;101;;
Produkt Przetargu;neu_tenderproduct;4.3.25;Wymagana akceptacja;neu_isaccept;102;;
Produkt Przetargu;neu_tenderproduct;4.3.25;Powód problematyczności produktu;neu_problemdescription;103;;
Produkt Przetargu;neu_tenderproduct;4.3.25;Zgoda na zmianę postaci;neu_isformchangeconsent;104;;
Produkt Przetargu;neu_tenderproduct;4.3.25;Numer Oferty Producenta;neu_code;105;;
Produkt Przetargu;neu_tenderproduct;4.3.25;Aktywny w Pharmindex;neu_isactiveinpharmindex;106;;
Produkt Przetargu;neu_tenderproduct;4.3.25;Dopuszczony-Pharmindex brak;neu_csioz;107;;
Produkt Przetargu;neu_tenderproduct;4.3.25;Zmiana danych na Produkcie;neu_isdatachange;108;;
Produkt Przetargu;neu_tenderproduct;4.3.25;Nieaktywny Produkt SAP;neu_isinactiveproductsap;109;;
Produkt Przetargu;neu_tenderproduct;4.3.25;Status zaopatrzenia;neu_supplystatus;110;;
Produkt Przetargu;neu_tenderproduct;4.3.25;Sposób rozliczania;neu_settlementmethod;111;;
Produkt Przetargu;neu_tenderproduct;4.3.25;Powód akceptacji;neu_acceptdescription;112;;
Produkt Przetargu;neu_tenderproduct;4.3.25;MW / IR;neu_isproducermwir;113;;
Produkt Przetargu;neu_tenderproduct;4.3.25;Limit ceny Programu Lekowego;neu_pricedrugprogramlimit;114;;
Produkt Przetargu;neu_tenderproduct;4.3.25;Cena sprzedaży brutto;neu_pricesellingbrutto;115;;
Produkt Przetargu;neu_tenderproduct;4.3.25;Szacowana cena zakupu po podwyżce;neu_pricepurchaseafterriseestimated;116;;
Produkt Przetargu;neu_tenderproduct;4.3.25;Maksymalna cena hurtowa;neu_pricewholesalemaximum;117;;
Produkt Przetargu;neu_tenderproduct;4.3.25;Jednostkowa różnica między ceną specjalną a zakupu;neu_unitdifferencepricespecialvspurchase;118;;
Produkt Przetargu;neu_tenderproduct;4.3.25;Koszt własny ZACH;neu_costzach;119;;
Produkt Przetargu;neu_tenderproduct;4.3.25;Marża brutto;neu_marginbrutto;120;;
Produkt Przetargu;neu_tenderproduct;4.3.25;% Finansowanie zapasów;neu_stockfinancingpercent;121;;
Produkt Przetargu;neu_tenderproduct;4.3.25;% Korzyści do ZACH;neu_percentbenefitforzach;122;;
Produkt Przetargu;neu_tenderproduct;4.3.25;Finansowanie zapasów;neu_stockfinancing;123;;
Produkt Przetargu;neu_tenderproduct;4.3.25;Korekty marży + kontrakt fakturowy;neu_marginadjustmentswithinvoicecontract;124;;
Produkt Przetargu;neu_tenderproduct;4.3.25;% Marża brutto;neu_marginbruttopercent;125;;
Produkt Przetargu;neu_tenderproduct;4.3.25;Finansowanie zapasów (dni);neu_stockfinancingdays;126;;
Produkt Przetargu;neu_tenderproduct;4.3.25;Korzyści kontaktowe pozafakturowe;neu_noncontractualinvoicebenefits;127;;
Produkt Przetargu;neu_tenderproduct;4.3.25;Zysk maksymalny;neu_profitonsalemaximum;128;;
Produkt Przetargu;neu_tenderproduct;4.3.25;Marża urzędowo-umowna;neu_margincontractual;129;;
Produkt Przetargu;neu_tenderproduct;4.3.25;% Korzyści terminu od dostawcy;neu_termbenefitspercent;130;;
Produkt Przetargu;neu_tenderproduct;4.3.25;Koszt terminu podstawowego;neu_costofbasicterm;131;;
Produkt Przetargu;neu_tenderproduct;4.3.25;Korzyści terminu;neu_termbenefits;132;;
Produkt Przetargu;neu_tenderproduct;4.3.25;Zysk na sprzedaży;neu_profitonsale;133;;
Produkt Przetargu;neu_tenderproduct;4.3.25;% Marża urzędowo-umowna;neu_margincontractualpercent;134;;
Produkt Przetargu;neu_tenderproduct;4.3.25;Korzyści terminu od dostawcy (dni);neu_termbenefitsdays;135;;
Produkt Przetargu;neu_tenderproduct;4.3.25;Koszt terminu opóźnień;neu_costofdelays;136;;
Produkt Przetargu;neu_tenderproduct;4.3.25;Przychody odsetkowe;neu_interestincome;137;;
Produkt Przetargu;neu_tenderproduct;4.3.25;Cena handlowa ZACH;neu_pricetrade;138;;
Produkt Przetargu;neu_tenderproduct;4.3.25;Cena specjalna związana z podwyżką;neu_pricespecialafterrise;139;;
Produkt Przetargu;neu_tenderproduct;4.3.25;Cena zakupu MW / IR;neu_pricepurchasemwir;140;;
Produkt Przetargu;neu_tenderproduct;4.3.25;Cena sprzedaży MW / IR;neu_pricesellingmwir;141;;
Produkt Przetargu;neu_tenderproduct;4.3.25;Jednostkowe korzyści pozafakturowe;neu_unitnoncontractualbenefits;142;;
Produkt Przetargu;neu_tenderproduct;4.3.25;Remapowanie w trakcie;neu_isremap;143;;
Produkt Przetargu;neu_tenderproduct;4.3.25;Flaga generowania pozycji ZPZK;neu_isgeneratepositionzpzk;144;;
Produkt Przetargu;neu_tenderproduct;4.3.25;Info limit programu lekowego;neu_infodrugprogram;145;;
Produkt Przetargu;neu_tenderproduct;4.3.25;Info urzędowa;neu_infopriceassize;146;;
Produkt Przetargu;neu_tenderproduct;4.3.25;Flaga do ustawiania cen.;neu_samepriceflag;147;;
Produkt Przetargu;neu_tenderproduct;4.3.25;Flaga do kalkulacji;neu_calcflag;148;;
Produkt Przetargu;neu_tenderproduct;4.3.25;Flaga do indeksu zero;neu_zeroindexflag;149;;
Produkt Przetargu;neu_tenderproduct;4.3.25;Info RSS;neu_inforss;150;;
Produkt Przetargu;neu_tenderproduct;4.3.25;Utworzone przez;createdby;151;;
Produkt Przetargu;neu_tenderproduct;4.3.25;Zmodyfikowany przez;modifiedby;152;;
Produkt Przetargu;neu_tenderproduct;4.3.25;Sprawdzono przez;neu_checkedbyid;153;;
Produkt Przetargu;neu_tenderproduct;4.3.25;Data sprawdzenia;neu_checkeddate;154;;
Produkt Przetargu;neu_tenderproduct;4.3.25;Data utworzenia;createdon;155;;
Produkt Przetargu;neu_tenderproduct;4.3.25;Data modyfikacji;modifiedon;156;;
Produkt Przetargu;neu_tenderproduct;4.3.25;Właściciel;ownerid;157;;
Produkt Przetargu;neu_tenderproduct;4.3.25;Liczba porządkowa;neu_ordinalnumber;158;;
Produkt SAP;product;4.3.26;Stan;statecode;1;;
Produkt SAP;product;4.3.26;Nazwa;neu_name;2;;
Produkt SAP;product;4.3.26;Identyfikator produktu;productnumber;3;;
Produkt SAP;product;4.3.26;Nazwa międzynarodowa;neu_nameinternational;4;;
Produkt SAP;product;4.3.26;Nazwa handlowa;neu_nametrade;5;;
Produkt SAP;product;4.3.26;Nadrzędny;parentproductid;6;;
Produkt SAP;product;4.3.26;Ważny od;validfromdate;7;;
Produkt SAP;product;4.3.26;Ważny do;validtodate;8;;
Produkt SAP;product;4.3.26;Opis;description;9;;
Produkt SAP;product;4.3.26;Kod zewnętrzny;neu_externalproductnumber;10;;
Produkt SAP;product;4.3.26;Kod EAN;neu_eancode;11;;
Produkt SAP;product;4.3.26;Kod BAZYL;neu_bazylcode;12;;
Produkt SAP;product;4.3.26;Kod BLOZ7;neu_bloz7code;13;;
Produkt SAP;product;4.3.26;Kod BLOZ12;neu_bloz12code;14;;
Produkt SAP;product;4.3.26;Identyfikator sprzedażowy SAP;neu_salesproducersapid;15;;
Produkt SAP;product;4.3.26;Dostępny w sprzedaży;neu_isonsales;16;;
Produkt SAP;product;4.3.26;Producent sprzedażowy;neu_salesproducerid;17;;
Produkt SAP;product;4.3.26;Identyfikator SAP Producenta sprzedażowego;neu_saleproducersapid;18;;
Produkt SAP;product;4.3.26;Nazwa Producenta sprzedażowego;neu_salesproducername;19;;
Produkt SAP;product;4.3.26;Identyfikator SAP Producenta farmaceutycznego;neu_pharmaceuticalproducersapid;20;;
Produkt SAP;product;4.3.26;Identyfikator SAP Producenta zaopatrzeniowego;neu_supplyproducersapid;21;;
Produkt SAP;product;4.3.26;Nazwa Producenta zaopatrzeniowego;neu_supplyproducername;22;;
Produkt SAP;product;4.3.26;Indeks zero;neu_isindexzero;23;;
Produkt SAP;product;4.3.26;Zestaw;iskit;24;;
Produkt SAP;product;4.3.26;Grupa jednostek;defaultuomscheduleid;25;;
Produkt SAP;product;4.3.26;Jednostka domyślna;defaultuomid;26;;
Produkt SAP;product;4.3.26;Cennik domyślny;pricelevelid;27;;
Produkt SAP;product;4.3.26;Obsługiwane cyfry dziesiętne;quantitydecimal;28;;
Produkt SAP;product;4.3.26;Temat;subjectid;29;;
Produkt SAP;product;4.3.26;Typ produktu;producttypecode;30;;
Produkt SAP;product;4.3.26;Grupa_farmaceutyczna;neu_grouppharmaceutical;31;;
Produkt SAP;product;4.3.26;Grupa farmaceutyczna;neu_pharmaceuticalgroup;32;;
Produkt SAP;product;4.3.26;Grupa marżowa;neu_margingroup;33;;
Produkt SAP;product;4.3.26;VAT (%);neu_vatrate;34;;
Produkt SAP;product;4.3.26;Opakowanie zbiorcze;neu_packagingset;35;;
Produkt SAP;product;4.3.26;Cena zakupu ZACZ;neu_pricepurchase;36;;
Produkt SAP;product;4.3.26;Cena hurtowa ZCCG;neu_pricewholesalezccg;37;;
Produkt SAP;product;4.3.26;Cena handlowa ZACH;neu_pricetrade;38;;
Produkt SAP;product;4.3.26;Maksymalna cena hurtowa;neu_pricewholesalemaximum;39;;
Produkt SAP;product;4.3.26;MW / IR;neu_isproducermwir;40;;
Produkt SAP;product;4.3.26;Czy aktywna kartoteka;neu_activematerial;41;;
Produkt SAP;product;4.3.26;Aktywna kartoteka;neu_isactivematerial;42;;
Produkt SAP;product;4.3.26;Cena zakupu MW / IR;neu_pricepurchasemwir;43;;
Produkt SAP;product;4.3.26;Cena sprzedaży MW / IR;neu_pricesellingmwir;44;;
Produkt SAP;product;4.3.26;Sprzedaż ilość;neu_salequantity;45;;
Produkt SAP;product;4.3.26;Koszt własny ZACH;neu_costzach;46;;
Produkt SAP;product;4.3.26;Korekta marży;neu_marginadjustment;47;;
Produkt SAP;product;4.3.26;Cena ZACH MW / IR;neu_pricezachmwir;48;;
Produkt SAP;product;4.3.26;Cena po rabacie MW / IR;neu_priceafterdiscountmwir;49;;
Produkt SAP;product;4.3.26;Cena sprzedaży MW / IR;neu_pricesellingmwir;50;;
Produkt SAP;product;4.3.26;Wskaźnik marży (90%);neu_marginindicator;51;;
Produkt SAP;product;4.3.26;Cena handlowa przed podwyżką;neu_pricetradebeforerise;52;;
Produkt SAP;product;4.3.26;Cena handlowa po podwyżce;neu_pricetradeafterrise;53;;
Produkt SAP;product;4.3.26;Procent podwyżki;neu_pricetraderisepercent;54;;
Produkt SAP;product;4.3.26;Data podwyżki producenta;neu_pricetraderisedate;55;;
Produkt SAP;product;4.3.26;Maksimum z Data podwyżki u producenta;neu_pricetraderisedatemax;56;;
Produkt SAP;product;4.3.26;Maksimum z Cena handlowa przed podwyżką;neu_pricetradebeforerisemax;57;;
Produkt SAP;product;4.3.26;Maksimum z Cena handlowa po podwyżce;neu_pricetradeafterrisemax;58;;
Produkt SAP;product;4.3.26;Produkt równoważny;neu_equivalentproductid;59;;
Produkt SAP;product;4.3.26;Koszt własny ZACH;neu_costzach;60;;
Produkt SAP;product;4.3.26;Korzyść kontraktowa fakturowa;neu_contractualinvoicebenefit;61;;
Produkt SAP;product;4.3.26;Korzyść kontraktowa pozafakturowa;neu_noncontractualinvoicebenefit;62;;
Produkt SAP;product;4.3.26;Korzyści kontraktowe pozafakturowe SP;neu_noncontractualinvoicebenefitssp;63;;
Produkt SAP;product;4.3.26;Korzyści za zeszłe okresy;neu_pastperiodscontractualbenefits;64;;
Produkt SAP;product;4.3.26;Korzyści kontaktowe pozafakturowe;neu_noncontractualinvoicebenefits;65;;
Produkt SAP;product;4.3.26;% Korzyści do ZACH;neu_percentbenefitforzach;66;;
Produkt SAP;product;4.3.26;Korzyści terminu;neu_termbenefits;67;;
Produkt SAP;product;4.3.26;Korzyść terminu ZACH;neu_termbenefitzach;68;;
Produkt SAP;product;4.3.26;Finansowanie;neu_financing;69;;
Produkt SAP;product;4.3.26;Finansowanie % ZACH;neu_financingzachpercent;70;;
Produkt SAP;product;4.3.26;% Korzyści terminu do ZACH;neu_percenttermbenefitzach;71;;
Produkt SAP;product;4.3.26;% Finansowanie ZACH;neu_percentfinancingzach;72;;
Produkt SAP;product;4.3.26;Estymowana marża (%);neu_estimatedmarginpercent;73;;
Produkt SAP;product;4.3.26;Cena Działu Szpitalnego;neu_pricehospitaldepartment;74;;
Produkt SAP;product;4.3.26;COGS;neu_cogs;75;;
Produkt SAP;product;4.3.26;Czy na liście zysku max;neu_onlistprofitmax;76;;
Produkt SAP;product;4.3.26;Wartość ZACH;neu_valuezach;77;;
Produkt SAP;product;4.3.26;Koszty finansowania Zapasów (budżet);neu_financingcostbudget;78;;
Produkt SAP;product;4.3.26;Koszt finansowania (7%);neu_financingcostpercent;79;;
Produkt SAP;product;4.3.26;Wskaźnik do kalkulatora;neu_calculatorindicator;80;;
Produkt SAP;product;4.3.26;RSS netto;neu_pricerss;81;;
Produkt SAP;product;4.3.26;Nazwa alternatywna;neu_alternativename;82;;
Produkt SAP;product;4.3.26;Nazwa cząsteczki;neu_moleculename;83;;
Produkt SAP;product;4.3.26;Postać próbki;neu_sampleform;84;;
Produkt SAP;product;4.3.26;Wielkość opakowania;neu_packagesize;85;;
Produkt SAP;product;4.3.26;Ilość jednostek w opakowaniu;neu_unitamount;86;;
Produkt SAP;product;4.3.26;Specjalizacja medyczna;neu_medicalspecialization;87;;
Produkt SAP;product;4.3.26;Program lekowy;neu_isdrugprogram;88;;
Produkt SAP;product;4.3.26;Specjalistyczna umowa NFZ;neu_isspecializedcontractnfz;89;;
Produkt SAP;product;4.3.26;Status dopuszczenia do obrotu;neu_istraidingadmissionstatus;90;;
Produkt SAP;product;4.3.26;Dawka;neu_dosage;91;;
Produkt SAP;product;4.3.26;Droga podania;neu_routeofadministration;92;;
Produkt SAP;product;4.3.26;Opakowanie zbiorcze;neu_packagingset;93;;
Produkt SAP;product;4.3.26;Czy refundowany;neu_isreinbursed;94;;
Produkt SAP;product;4.3.26;Numer dopuszczenia;neu_attestation;95;;
Produkt SAP;product;4.3.26;Data dopuszczenia;neu_attestationdate;96;;
Produkt SAP;product;4.3.26;Produkt Problematyczny;neu_isroblem;97;;
Produkt SAP;product;4.3.26;Powód problematyczności;neu_problemdescription;98;;
Produkt SAP;product;4.3.26;Cena katalogowa;price;99;;
Produkt SAP;product;4.3.26;Produkty Przetargu;;100;;
Produkt SAP;product;4.3.26;Pozycje ZPZK;;101;;
Produkt SAP;product;4.3.26;Notatki;;102;;
Przyczyna przegrania;neu_conf_failurecause;4.3.27;Przyczyna przegrania;neu_name;1;;
Przyczyna przegrania;neu_conf_failurecause;4.3.27;Właściciel;ownerid;2;;
Slownik Kryteriow;neu_conf_criteriatemplate;4.3.28;Nazwa;neu_name;1;;
Slownik Kryteriow;neu_conf_criteriatemplate;4.3.28;Nazwa systemowa;neu_systemname;2;;
Slownik Kryteriow;neu_conf_criteriatemplate;4.3.28;Właściciel;ownerid;3;;
Slownik Postaci;neu_conf_formdictionary;4.3.29;Nazwa postaci;neu_name;1;;
Slownik Postaci;neu_conf_formdictionary;4.3.29;Właściciel;ownerid;2;;
Slownik Zamian;neu_conf_conversion;4.3.30;Synchronizuj synonimy;WebResource_ButtonConfConversionSync;1;;
Slownik Zamian;neu_conf_conversion;4.3.30;Dotyczy;neu_applies;2;;
Slownik Zamian;neu_conf_conversion;4.3.30;Zamiana z;neu_replacefrom;3;;
Slownik Zamian;neu_conf_conversion;4.3.30;Zamiana do;neu_replaceto;4;;
Slownik Zamian;neu_conf_conversion;4.3.30;Właściciel;ownerid;5;;
Slownik Zamian;neu_conf_conversion;4.3.30;Data utworzenia;createdon;6;;
Slownik Zamian;neu_conf_conversion;4.3.30;Data modyfikacji;modifiedon;7;;
Slownik grup adresow email;neu_emailgroupdictionary;4.3.31;Nazwa;neu_name;1;;
Slownik grup adresow email;neu_emailgroupdictionary;4.3.31;Adres e-mail;emailaddress;2;;
Struktura Przetargu;neu_tenderstructure;4.3.32;Nazwa;neu_name;1;;
Struktura Przetargu;neu_tenderstructure;4.3.32;Przetarg;neu_tenderid;2;;
Struktura Przetargu;neu_tenderstructure;4.3.32;Szablon;neu_templateid;3;;
Struktura Przetargu;neu_tenderstructure;4.3.32;Zapisz kryteria jako nowy szablon;WebResource_ButtonTenderStructureTemplate;4;;
Struktura Przetargu;neu_tenderstructure;4.3.32;Kryteria Szablonu;;5;;
Struktura Przetargu;neu_tenderstructure;4.3.32;Status;neu_statecode;6;;
Struktura Przetargu;neu_tenderstructure;4.3.32;Opis błędu;neu_errortxt;7;;
Struktura Przetargu;neu_tenderstructure;4.3.32;PluginList;neu_pluginlist;8;;
Struktura Przetargu;neu_tenderstructure;4.3.32;Importer ProcessCode;neu_importerprocesscode;9;;
Struktura Przetargu;neu_tenderstructure;4.3.32;Mapper ProcessCode;neu_mapperprocesscode;10;;
Struktura Przetargu;neu_tenderstructure;4.3.32;Rozpocznij import;WebResource_ButtonTenderStructureRunImport;11;;
Struktura Przetargu;neu_tenderstructure;4.3.32;Rozpocznij mapowanie;WebResource_ButtonTenderStructureRunMapper;12;;
Struktura Przetargu;neu_tenderstructure;4.3.32;Zatrzymaj import;WebResource_ButtonTenderStructureStopImport;13;;
Struktura Przetargu;neu_tenderstructure;4.3.32;Zatrzymaj mapowanie;WebResource_ButtonTenderStructureStopMapper;14;;
Struktura Przetargu;neu_tenderstructure;4.3.32;Cofnij import;WebResource_ButtonTenderStructureDeletePakiets;15;;
Struktura Przetargu;neu_tenderstructure;4.3.32;Cofnij mapowanie/Cofnij import i mapowanie;WebResource_ButtonTenderStructureDeleteMappedProducts;16;;
Struktura Przetargu;neu_tenderstructure;4.3.32;Przerwij kalkulacje;WebResource_ButtonTenderStructureStopCalculations;17;;
Struktura Przetargu;neu_tenderstructure;4.3.32;Notatki;;18;;
Struktura Przetargu;neu_tenderstructure;4.3.32;Liczba przetworzonych pozycji;neu_processeditemsamount;19;;
Struktura Przetargu;neu_tenderstructure;4.3.32;Liczba zamapowanych pozycji;neu_mappeditemsamount;20;;
Struktura Przetargu;neu_tenderstructure;4.3.32;Liczba prawidłowo zamapowanych;neu_correctmappeditemsamount;21;;
Struktura Przetargu;neu_tenderstructure;4.3.32;Liczba sprawdzonych pozycji;neu_checkeditems;22;;
Struktura Przetargu;neu_tenderstructure;4.3.32;Liczba pozycji;neu_itemsamount;23;;
Struktura Przetargu;neu_tenderstructure;4.3.32;Przetworzone (%);neu_processeditempspercentage;24;;
Struktura Przetargu;neu_tenderstructure;4.3.32;Zamapowane (%);neu_mappeditemspercentage;25;;
Struktura Przetargu;neu_tenderstructure;4.3.32;Prawidłowo zamapowane (%);neu_correctmappeditemspercentage;26;;
Struktura Przetargu;neu_tenderstructure;4.3.32;Sprawdzone (%);neu_checkeditemspercentge;27;;
Struktura Przetargu;neu_tenderstructure;4.3.32;Pakiety;;28;;
Struktura Przetargu;neu_tenderstructure;4.3.32;Produkty Przetargu;;29;;
Struktura Przetargu;neu_tenderstructure;4.3.32;Utworzony przez;createdby;30;;
Struktura Przetargu;neu_tenderstructure;4.3.32;Zmodyfikowane przez;modifiedby;31;;
Struktura Przetargu;neu_tenderstructure;4.3.32;Właściciel;ownerid;32;;
Struktura Przetargu;neu_tenderstructure;4.3.32;Data utworzenia;createdon;33;;
Struktura Przetargu;neu_tenderstructure;4.3.32;Data modyfikacji;modifiedon;34;;
Substancja czynna;neu_activesubstancepharmindex;4.3.33;Nazwa substancji czynnej;neu_name;1;;
Substancja czynna;neu_activesubstancepharmindex;4.3.33;Grupy substancji czynnej;neu_groups;2;;
Substancja czynna;neu_activesubstancepharmindex;4.3.33;Status Pharmindex;neu_statusphramindex;3;;
Substancja czynna;neu_activesubstancepharmindex;4.3.33;Zmodyfikowano Pharmindex;neu_modified;4;;
Substancja czynna;neu_activesubstancepharmindex;4.3.33;ID Pharmindex;neu_substidpharmindex;5;;
Substancja czynna;neu_activesubstancepharmindex;4.3.33;Właściciel;ownerid;6;;
Substancja czynna;neu_activesubstancepharmindex;4.3.33;Data utworzenia;createdon;7;;
Substancja czynna;neu_activesubstancepharmindex;4.3.33;Data modyfikacji;modifiedon;8;;
Substancja czynna;neu_activesubstancepharmindex;4.3.33;DrugPharmindex;;9;;
Szablon;neu_template;4.3.34;Nazwa;neu_name;1;;
Szablon;neu_template;4.3.34;Data dodania;createdon;2;;
Szablon;neu_template;4.3.34;Data wygaśnięcia;neu_template_data;3;;
Szablon;neu_template;4.3.34;Właściciel;ownerid;4;;
Szablon;neu_template;4.3.34;Kryteria Szablonu;;5;;
Typ zmiany oferty;neu_conf_opportunitytype;4.3.35;Nazwa;neu_name;1;;
Typ zmiany oferty;neu_conf_opportunitytype;4.3.35;Typ;neu_type;2;;
Typ zmiany oferty;neu_conf_opportunitytype;4.3.35;Typ programu;neu_programfield;3;;
Typ zmiany oferty;neu_conf_opportunitytype;4.3.35;Proces;neu_workflowid;4;;
Typ zmiany oferty;neu_conf_opportunitytype;4.3.35;Domyśny etap procesu;neu_defaultstageid;5;;
Typ zmiany oferty;neu_conf_opportunitytype;4.3.35;Widoczny na aptece;neu_isvisibleonaccount;6;;
Typ zmiany oferty;neu_conf_opportunitytype;4.3.35;Widoczny na kliencie;neu_isvisibleonclient;7;;
Umowa OL;neu_contractop;4.3.36;Numer dokumentu;neu_name;1;;
Umowa OL;neu_contractop;4.3.36;Nr CRMowy umowy;neu_contractnumbercrm;2;;
Umowa OL;neu_contractop;4.3.36;Numer umowy;neu_contractnumber;3;;
Umowa OL;neu_contractop;4.3.36;Przetarg;neu_opportunityid;4;;
Umowa OL;neu_contractop;4.3.36;Aneks do umowy;neu_isannex;5;;
Umowa OL;neu_contractop;4.3.36;Nazwa aneksu;neu_annexname;6;;
Umowa OL;neu_contractop;4.3.36;Numer aneksu;neu_annexnumber;7;;
Umowa OL;neu_contractop;4.3.36;Biuro sprzedaży;neu_conf_salesofficeid;8;;
Umowa OL;neu_contractop;4.3.36;Rodzaj umowy;neu_contracttype;9;;
Umowa OL;neu_contractop;4.3.36;Stan umowy;neu_contractstate;10;;
Umowa OL;neu_contractop;4.3.36;Grupa zakupowa;neu_purchasegroupid;11;;
Umowa OL;neu_contractop;4.3.36;Kod grupy zakupowej;neu_purchasegroupcode;12;;
Umowa OL;neu_contractop;4.3.36;Zamiennik w cenie oryginału;neu_issubstituteoriginalprice;13;;
Umowa OL;neu_contractop;4.3.36;Nazwisko pełnomocnika 1;neu_representativename1;14;;
Umowa OL;neu_contractop;4.3.36;Nazwisko pełnomocnika 2;neu_representativename2;15;;
Umowa OL;neu_contractop;4.3.36;Osoba odpowiedzialna;neu_personresponsible;16;;
Umowa OL;neu_contractop;4.3.36;Punkty sprzedaży;;17;;
Umowa OL;neu_contractop;4.3.36;Płatnicy;;18;;
Umowa OL;neu_contractop;4.3.36;Klient;neu_clientid;19;;
Umowa OL;neu_contractop;4.3.36;Wersje umów OP;;20;;
Umowa OL;neu_contractop;4.3.36;Skany umowy;WebResource_uploaddropzone;21;;
Umowa OL;neu_contractop;4.3.36;Data otrzymania umowy;neu_contractreceiptdate;22;;
Umowa OL;neu_contractop;4.3.36;Data podpisania umowy;neu_contractsigndate;23;;
Umowa OL;neu_contractop;4.3.36;Data przedsprzedaży;neu_presaledate;24;;
Umowa OL;neu_contractop;4.3.36;Data obowiązywania od;neu_contractdatefrom;25;;
Umowa OL;neu_contractop;4.3.36;Data obowiązywania do;neu_contractdateto;26;;
Umowa OL;neu_contractop;4.3.36;Data aneksu od;neu_annexdatefrom;27;;
Umowa OL;neu_contractop;4.3.36;Data aneksu do;neu_annexdateto;28;;
Umowa OL;neu_contractop;4.3.36;Data wypowiedzenia umowy;neu_contractterminationdate;29;;
Umowa OL;neu_contractop;4.3.36;Data rzeczywistego zakończenia umowy;neu_actualenddate;30;;
Umowa OL;neu_contractop;4.3.36;Termin płatności;neu_paymentperiod;31;;
Umowa OL;neu_contractop;4.3.36;Numer oferty przetargowej;neu_tenderoffernumber;32;;
Umowa OL;neu_contractop;4.3.36;Kod SAP;neu_sapcode;33;;
Umowa OL;neu_contractop;4.3.36;Producent;neu_producerid;34;;
Umowa OL;neu_contractop;4.3.36;Wartość umowy netto (Przetarg);neu_amountnetto;35;;
Umowa OL;neu_contractop;4.3.36;Wartość umowy brutto (Przetarg);neu_amountbrutto;36;;
Umowa OL;neu_contractop;4.3.36;Płatność naliczana od;neu_paymentreffer;37;;
Umowa OL;neu_contractop;4.3.36;Wartość umowy netto;neu_contractnetvalue;38;;
Umowa OL;neu_contractop;4.3.36;Wartość umowy brutto;neu_contractgrossvalue;39;;
Umowa OL;neu_contractop;4.3.36;Wartość netto aneksu;neu_annexnetvalue;40;;
Umowa OL;neu_contractop;4.3.36;Wartość brutto aneksu;neu_annexgrossvalue;41;;
Umowa OL;neu_contractop;4.3.36;Realizacja umowy (kwota);neu_contractrealizationvalue;42;;
Umowa OL;neu_contractop;4.3.36;Realizacja umowy (procent);neu_contractrealizationpercentage;43;;
Umowa OL;neu_contractop;4.3.36;Miesięczny szacowany obrót współpracy;neu_contractestimatedturnover;44;;
Umowa OL;neu_contractop;4.3.36;Realizacja miesięczna kwota;neu_contractmontlyrealizationvalue;45;;
Umowa OL;neu_contractop;4.3.36;xxx_Realizacja miesięczna [%];neu_contractmontlyrealizationpercentage;46;;
Umowa OL;neu_contractop;4.3.36;Czas realizacji zamówienia (h);neu_deliveryhours;47;;
Umowa OL;neu_contractop;4.3.36;Cito (h);neu_cito;48;;
Umowa OL;neu_contractop;4.3.36;Dopuszcza zmianę cen urzędowych obniżających cenę;neu_ispriceassizeloweringchange;49;;
Umowa OL;neu_contractop;4.3.36;Dopuszcza zmianę cen urzędowych zwiększ. cenę;neu_ispriceassizeincreasingchange;50;;
Umowa OL;neu_contractop;4.3.36;Nazwa placówki z postępowania;neu_institutionreceivername;51;;
Umowa OL;neu_contractop;4.3.36;Miasto (Placówka);neu_institutionreceivercity;52;;
Umowa OL;neu_contractop;4.3.36;Ulica (Placówka);neu_institutionreceiverstreet;53;;
Umowa OL;neu_contractop;4.3.36;NIP;neu_nip;54;;
Umowa OL;neu_contractop;4.3.36;Za opóźnienie;neu_fordelay;55;;
Umowa OL;neu_contractop;4.3.36;Za brak rozpatrzenia reklamacji;neu_nocomplaintconsideration;56;;
Umowa OL;neu_contractop;4.3.36;Za brak realizacji zamówienia;neu_noorder;57;;
Umowa OL;neu_contractop;4.3.36;Za zerwanie umowy - Neuca;neu_cancelcontractbyneuca;58;;
Umowa OL;neu_contractop;4.3.36;Za zerwanie umowy - Klient;neu_cancelcontractbyclient;59;;
Umowa OL;neu_contractop;4.3.36;Inne;neu_other;60;;
Umowa OL;neu_contractop;4.3.36;Opis;neu_description;61;;
Umowa OL;neu_contractop;4.3.36;Umowy w pakiecie;;62;;
Umowa OL;neu_contractop;4.3.36;Notatki;;63;;
Umowa OL;neu_contractop;4.3.36;Warunki opóźnienia;neu_fordelaycondition;64;;
Umowa OL;neu_contractop;4.3.36;Warunki braku rozpatrzenia reklamacji;neu_nocomplaintconsiderationcondition;65;;
Umowa OL;neu_contractop;4.3.36;Warunki braku realizacji zamówienia;neu_noordercondition;66;;
Umowa OL;neu_contractop;4.3.36;Warunki zerwania umowy - Neuca;neu_cancelcontractbyneucacondition;67;;
Umowa OL;neu_contractop;4.3.36;Warunki zerwania umowy - Klient;neu_cancelcontractbyclientcondition;68;;
Umowa OL;neu_contractop;4.3.36;Warunki Inne;neu_othercondition;69;;
Umowa OL;neu_contractop;4.3.36;Działanie;neu_action;70;;
Umowa OL;neu_contractop;4.3.36;Aneksowana umowa;neu_annexedcontractopid;71;;
Umowa OL;neu_contractop;4.3.36;Czy aktualizacja stanu umowy?;neu_isstateupdate;72;;
Umowa OL;neu_contractop;4.3.36;Właściciel;owneid;73;;
Umowa OL;neu_contractop;4.3.36;Stan;statecode;74;;
Umowa OL;neu_contractop;4.3.36;Data utworzenia;createdon;75;;
Umowa OL;neu_contractop;4.3.36;Data modyfikacji;modifiedon;76;;
Umowa OL;neu_contractop;4.3.36;Utworzone przez;createdby;77;;
Umowa OL;neu_contractop;4.3.36;Zmodyfikowany przez;modifiedby;78;;
Umowa w pakiecie;neu_contracttenderbundle;4.3.37;Nazwa;neu_name;1;;
Umowa w pakiecie;neu_contracttenderbundle;4.3.37;Pakiet;neu_tenderbundleid;2;;
Umowa w pakiecie;neu_contracttenderbundle;4.3.37;Beneficjent;neu_receiverid;3;;
Umowa w pakiecie;neu_contracttenderbundle;4.3.37;Umowa;neu_contracttopid;4;;
Umowa w pakiecie;neu_contracttenderbundle;4.3.37;Przetarg;neu_tenderid;5;;
Umowa w pakiecie;neu_contracttenderbundle;4.3.37;Właściciel;ownerid;6;;
Wiadomosc e-mail;email;4.3.38;Priorytet;prioritycode;1;;
Wiadomosc e-mail;email;4.3.38;Planowana data zakończenia;scheduledend;2;;
Wiadomosc e-mail;email;4.3.38;Od;from;3;;
Wiadomosc e-mail;email;4.3.38;Temat;subject;4;;
Wiadomosc e-mail;email;4.3.38;Do;to;5;;
Wiadomosc e-mail;email;4.3.38;DW;cc;6;;
Wiadomosc e-mail;email;4.3.38;Data utworzenia;createdon;7;;
Wiadomosc e-mail;email;4.3.38;Data wysłania;senton;8;;
Wiadomosc e-mail;email;4.3.38;ReplyTo;neu_replyto;9;;
Wiadomosc e-mail;email;4.3.38;ReplyTo Name;neu_replytoname;10;;
Wiadomosc e-mail;email;4.3.38;UDW;bcc;11;;
Wiadomosc e-mail;email;4.3.38;Dotyczy;regardingobjectid;12;;
Wiadomosc e-mail;email;4.3.38;Właściciel;ownerid;13;;
Wiadomosc e-mail;email;4.3.38;Przyczyna stanu;statuscode;14;;
Wiadomosc e-mail;email;4.3.38;Stan działania;statecode;15;;
Wiadomosc e-mail;email;4.3.38;Załączniki;;16;;
Wiadomosc e-mail;email;4.3.38;Opis;description;17;;
Wiadomosc e-mail;email;4.3.38;Czas trwania;actualdurationminutes;18;;
Zmiana oferty;opportunity;4.3.39;Typ zmiany oferty;neu_conf_opportunitytypeid;1;;
Zmiana oferty;opportunity;4.3.39;Przyczyna stanu;statuscode;2;;
Zmiana oferty;opportunity;4.3.39;Marża brutto (%);neu_totalmarginbruttopercent;3;;
Zmiana oferty;opportunity;4.3.39;Właściciel;ownerid;4;;
Zmiana oferty;opportunity;4.3.39;Temat;name;5;;
Zmiana oferty;opportunity;4.3.39;Status;neu_state;6;;
Zmiana oferty;opportunity;4.3.39;Przyczyna nieprzystąpienia;neu_rejectioncause;7;;
Zmiana oferty;opportunity;4.3.39;Opis przyczyny nieprzystąpienia;neu_rejectioncausedescription;8;;
Zmiana oferty;opportunity;4.3.39;Płatnik (Organizator);neu_payerorganizerid;9;;
Zmiana oferty;opportunity;4.3.39;Grupa Zakupowa;neu_purchasegroupid;10;;
Zmiana oferty;opportunity;4.3.39;Płatnik z grupy zakupowej;neu_purchasegrouppayer;11;;
Zmiana oferty;opportunity;4.3.39;SAP Przetargu;neu_sapcode;12;;
Zmiana oferty;opportunity;4.3.39;Numer postępowania;neu_procedurenumber;13;;
Zmiana oferty;opportunity;4.3.39;Link do postępowania;neu_procedurenumberurl;14;;
Zmiana oferty;opportunity;4.3.39;Numer Przetargu wg BIP/N;neu_bipnnumber;15;;
Zmiana oferty;opportunity;4.3.39;Znak sprawy Organizatora Przetargu;neu_casesignfromorganizer;16;;
Zmiana oferty;opportunity;4.3.39;Znak sprawy u Producenta;neu_casesignfromproducer;17;;
Zmiana oferty;opportunity;4.3.39;Biuro sprzedaży;neu_salesoffice;18;;
Zmiana oferty;opportunity;4.3.39;Dział sprzedaży;neu_salesdepartment;19;;
Zmiana oferty;opportunity;4.3.39;Roczny koszt kapitału (%);neu_annualcostofcapital;20;;
Zmiana oferty;opportunity;4.3.39;Ilość Indeksów Zero;neu_indexzeroamount;21;;
Zmiana oferty;opportunity;4.3.39;Liczba ofert;neu_numberofquotes;22;;
Zmiana oferty;opportunity;4.3.39;Przetarg referencyjny;neu_tenderreferential;23;;
Zmiana oferty;opportunity;4.3.39;Flaga kopiowania preferowanych producentów;neu_iscopyprefferedproducer;24;;
Zmiana oferty;opportunity;4.3.39;Poprzedni status;neu_statepre;25;;
Zmiana oferty;opportunity;4.3.39;Cofnij ostatnią zmianę statusu;WebResource_SetPreviousStatus;26;;
Zmiana oferty;opportunity;4.3.39;Skopiuj preferowanych producentów z pakietów;WebResource_ButtonTenderCopyPrefProducersButton;27;;
Zmiana oferty;opportunity;4.3.39;Rodzaj umowy;neu_contracttype;28;;
Zmiana oferty;opportunity;4.3.39;Rodzaj postępowania;neu_proceduretype;29;;
Zmiana oferty;opportunity;4.3.39;PZP;neu_pzp;30;;
Zmiana oferty;opportunity;4.3.39;Przetarg uproszczony;neu_issimplified;31;;
Zmiana oferty;opportunity;4.3.39;Próg unijny;neu_euthreshold;32;;
Zmiana oferty;opportunity;4.3.39;Kontrola wartości;neu_valuecontrol;33;;
Zmiana oferty;opportunity;4.3.39;Typ kalkulacji;neu_caltulationtype;34;;
Zmiana oferty;opportunity;4.3.39;Badania kliniczne;neu_isclinicaltests;35;;
Zmiana oferty;opportunity;4.3.39;Program Lekowy;neu_isdrugprogram;36;;
Zmiana oferty;opportunity;4.3.39;Sposób zamawiania;neu_orderingmethod;37;;
Zmiana oferty;opportunity;4.3.39;Faktura zbiorcza;neu_iscollectiveinvoice;38;;
Zmiana oferty;opportunity;4.3.39;Łączenie zamówień;neu_iscombiningorders;39;;
Zmiana oferty;opportunity;4.3.39;Kary umowne;neu_contractualpenalties;40;;
Zmiana oferty;opportunity;4.3.39;Wymagane dokumenty dodatkowe;neu_additionaldocuments;41;;
Zmiana oferty;opportunity;4.3.39;Zgoda na zamienniki;neu_issubstitutesconsent;42;;
Zmiana oferty;opportunity;4.3.39;Zamiana cen;neu_ispriceexchange;43;;
Zmiana oferty;opportunity;4.3.39;Reguła zmiany wielkości opakowania;neu_packagingchangemethod;44;;
Zmiana oferty;opportunity;4.3.39;Sposób przeliczania wielkości opakowań;neu_packagingcalculatemethod;45;;
Zmiana oferty;opportunity;4.3.39;Wartość X;neu_packagingchangemethodvalue_x;46;;
Zmiana oferty;opportunity;4.3.39;Zgoda na zmianę postaci;neu_isformchangeconsent;47;;
Zmiana oferty;opportunity;4.3.39;Nazwa handlowa;neu_istradename;48;;
Zmiana oferty;opportunity;4.3.39;Wycena za sztukę;neu_ispricingperitem;49;;
Zmiana oferty;opportunity;4.3.39;Sposób przeliczania ceny jednostkowej;neu_priceperunitcalcmethod;50;;
Zmiana oferty;opportunity;4.3.39;Gotówkowy;neu_cash;51;;
Zmiana oferty;opportunity;4.3.39;Przyczyny przegrania Przetargu;;52;;
Zmiana oferty;opportunity;4.3.39;Matryca Zmian Postaci dla Przetargu;;53;;
Zmiana oferty;opportunity;4.3.39;Wpisy;;54;;
Zmiana oferty;opportunity;4.3.39;Działania;;55;;
Zmiana oferty;opportunity;4.3.39;Notatki;;56;;
Zmiana oferty;opportunity;4.3.39;Data obowiązywania Przetargu OD;neu_validitydatefrom;57;;
Zmiana oferty;opportunity;4.3.39;Data obowiązywania Przetargu DO;neu_validitydateto;58;;
Zmiana oferty;opportunity;4.3.39;Data ogłoszenia;neu_annoucementdate;59;;
Zmiana oferty;opportunity;4.3.39;Data otwarcia;neu_openingdate;60;;
Zmiana oferty;opportunity;4.3.39;Data złożenia;neu_releasedate;61;;
Zmiana oferty;opportunity;4.3.39;Czas obowiązywania Przetargu;neu_validitydays;62;;
Zmiana oferty;opportunity;4.3.39;Czas trwania w miesiącach;neu_durationinmonths;63;;
Zmiana oferty;opportunity;4.3.39;Czas trwania w miesiącach - zmiana;neu_durationinmonthschange;64;;
Zmiana oferty;opportunity;4.3.39;Ilość dni związania z ofertą;neu_daysofvalidquote;65;;
Zmiana oferty;opportunity;4.3.39;Termin płatności Przetargu;neu_tenderpaymentperiod;66;;
Zmiana oferty;opportunity;4.3.39;Termin związania ofertą;neu_tendervalidityterm;67;;
Zmiana oferty;opportunity;4.3.39;Data rozpoczęcia dostaw;neu_deliveryopeningdate;68;;
Zmiana oferty;opportunity;4.3.39;Dostawa w sobotę;neu_isdeliveryonsaturday;69;;
Zmiana oferty;opportunity;4.3.39;Dostawa jednorazowa;neu_isonetimedelivery;70;;
Zmiana oferty;opportunity;4.3.39;Data dostawy jednorazowej;neu_onetimedeliverydate;71;;
Zmiana oferty;opportunity;4.3.39;Czas realizacji zamówienia (h);neu_deliveryhours;72;;
Zmiana oferty;opportunity;4.3.39;Ratunek życia (h);neu_lifesaving;73;;
Zmiana oferty;opportunity;4.3.39;Cito (h);neu_cito;74;;
Zmiana oferty;opportunity;4.3.39;Spodziewane opóźnienie;neu_expecteddelay;75;;
Zmiana oferty;opportunity;4.3.39;Narzut %;neu_overheadpercent;76;;
Zmiana oferty;opportunity;4.3.39;Narzut% PRE;neu_overheadpercentpre;77;;
Zmiana oferty;opportunity;4.3.39;Kalkuluj;WebResource_CalcButton;78;;
Zmiana oferty;opportunity;4.3.39;Przenieś narzut;WebResource_OVERHEAD_PROPAGATION_BUTTON;79;;
Zmiana oferty;opportunity;4.3.39;Ilość sztuk;neu_totalquantity;80;;
Zmiana oferty;opportunity;4.3.39;Wartość netto oferta;neu_totalbudgetsale;81;;
Zmiana oferty;opportunity;4.3.39;Marża brutto;neu_totalmarginbrutto;82;;
Zmiana oferty;opportunity;4.3.39;Marża brutto (%);neu_totalmarginbruttopercent;83;;
Zmiana oferty;opportunity;4.3.39;Wartość Przetargu brutto;neu_totalamountbrutto;84;;
Zmiana oferty;opportunity;4.3.39;Ilosć sztuk do sap;neu_totalquantitysap;85;;
Zmiana oferty;opportunity;4.3.39;Cena do kalkulacji wartości narzutu;neu_pricetooverheadcalc;86;;
Zmiana oferty;opportunity;4.3.39;Wartość netto SAP;neu_totalbudgetsalesap;87;;
Zmiana oferty;opportunity;4.3.39;Wartość brutto SAP;neu_budgetsalebruttosap;88;;
Zmiana oferty;opportunity;4.3.39;Marża brutto do SAP;neu_totalmarginbruttosap;89;;
Zmiana oferty;opportunity;4.3.39;Cena do kalkulacji wartości narzutu do SAP;neu_pricetooverheadcalcsap;90;;
Zmiana oferty;opportunity;4.3.39;Koszt własny ZACH;neu_totalzachcost;91;;
Zmiana oferty;opportunity;4.3.39;Koszt własny ZACH (%);neu_totalzachcostpercent;92;;
Zmiana oferty;opportunity;4.3.39;Korekty marży;neu_totalmarginadjustment;93;;
Zmiana oferty;opportunity;4.3.39;Korekty marży (%);neu_totalmarginadjustmentpercent;94;;
Zmiana oferty;opportunity;4.3.39;Marża urzędowo-umowna;neu_totalcontractualmargin;95;;
Zmiana oferty;opportunity;4.3.39;Marża urzędowo-umowna (%);neu_totalcontractualmarginpercent;96;;
Zmiana oferty;opportunity;4.3.39;Korzyści kontraktowe;neu_totalcontractualbenefits;97;;
Zmiana oferty;opportunity;4.3.39;Korzyści kontraktowe (%);neu_totalcontractualbenefitspercent;98;;
Zmiana oferty;opportunity;4.3.39;Zysk na sprzedaży;neu_totalprofitonsale;99;;
Zmiana oferty;opportunity;4.3.39;Zysk na sprzedaży (%);neu_totalprofitonsalespercent;100;;
Zmiana oferty;opportunity;4.3.39;Korzyści terminu od producenta;neu_totaltermbenefits;101;;
Zmiana oferty;opportunity;4.3.39;Korzyści terminu od producenta (%);neu_totaltermbenefitspercent;102;;
Zmiana oferty;opportunity;4.3.39;Finansowanie zapasów magazynowych;neu_totalfinancinginventories;103;;
Zmiana oferty;opportunity;4.3.39;Finansowanie zapasów magazynowych (%);neu_totalfinancinginventoriespercent;104;;
Zmiana oferty;opportunity;4.3.39;Koszty terminu podstawowego;neu_totalbasictermcosts;105;;
Zmiana oferty;opportunity;4.3.39;Koszty terminu podstawowego (%);neu_totalbasictermcostspercent;106;;
Zmiana oferty;opportunity;4.3.39;Koszty terminu opóźnień;neu_totaldelaycosts;107;;
Zmiana oferty;opportunity;4.3.39;Koszty terminu opóźnień (%);neu_totaldelaycostspercent;108;;
Zmiana oferty;opportunity;4.3.39;Przychody odsetkowe;neu_totalinterestincome;109;;
Zmiana oferty;opportunity;4.3.39;Przychody odsetkowe (%);neu_totalinterestincomepercent;110;;
Zmiana oferty;opportunity;4.3.39;Koszty osobowe Biura Szpitale;neu_personnelcosts;111;;
Zmiana oferty;opportunity;4.3.39;Koszty osobowe Biura Szpitale (%);neu_personnelcostspercent;112;;
Zmiana oferty;opportunity;4.3.39;Koszty obsługi logistycznej;neu_logisticscosts;113;;
Zmiana oferty;opportunity;4.3.39;Koszty obsługi logistycznej (%);neu_logisticscostspercent;114;;
Zmiana oferty;opportunity;4.3.39;Koszty transportu;neu_transportcosts;115;;
Zmiana oferty;opportunity;4.3.39;Koszty transportu (%);neu_transportcostspercent;116;;
Zmiana oferty;opportunity;4.3.39;Obsługa windykacyjna;neu_vindicationservice;117;;
Zmiana oferty;opportunity;4.3.39;Obsługa windykacyjna (%);neu_vindicationservicepercent;118;;
Zmiana oferty;opportunity;4.3.39;Podatek;neu_tax;119;;
Zmiana oferty;opportunity;4.3.39;Podatek (%);neu_taxpercent;120;;
Zmiana oferty;opportunity;4.3.39;Zysk netto na sprzedaży;neu_profitonsalesnetto;121;;
Zmiana oferty;opportunity;4.3.39;Zysk netto na sprzedaży (%);neu_profitonsalesnettopercent;122;;
Zmiana oferty;opportunity;4.3.39;Zysk netto;neu_profitnetto;123;;
Zmiana oferty;opportunity;4.3.39;Beneficjenci;;124;;
Zmiana oferty;opportunity;4.3.39;Struktura Przetargu;;125;;
Zmiana oferty;opportunity;4.3.39;Umowy;;126;;
Zmiana oferty;opportunity;4.3.39;Dokumenty;;127;;
Zmiana oferty;opportunity;4.3.39;Propaguj ceny z cenników;WebResource_neu_opportunityTenderGetListProducerPriceListPriceToZPZKPosition;128;;
Zmiana oferty;opportunity;4.3.39;Generuj ZPZK dla Producentów;WebResource_ButtonGenerateZPZKProducer;129;;
Zmiana oferty;opportunity;4.3.39;Warunki handlowe;;130;;
Zmiana oferty;opportunity;4.3.39;Generuj ofertę;WebResource_ButtonOpportunityTenderGenerateQuote;131;;
Zmiana oferty;opportunity;4.3.39;Oferty cenowe;;132;;
Zmiana oferty;opportunity;4.3.39;Pracownik realizujący;neu_userexecutingid;133;;
Zmiana oferty;opportunity;4.3.39;Pracownik wspierający;neu_usersupportingid;134;;
Zmiana oferty;opportunity;4.3.39;Pracownik akceptujący;neu_useracceptingid;135;;
Zmiana oferty;opportunity;4.3.39;Data utworzenia;createdon;136;;
Zmiana oferty;opportunity;4.3.39;Data modyfikacji;modifiedon;137;;
Zmiana oferty;opportunity;4.3.39;Utworzone przez;createdby;138;;
Zmiana oferty;opportunity;4.3.39;Zmodyfikowany przez;modifiedby;139;;
Zmiana oferty;opportunity;4.3.39;Flaga do „Kalkuluj”;neu_calcflag;140;;
Zmiana oferty;opportunity;4.3.39;Walidacja do generowania oferty.;neu_isgeneratequotevalidation;141;;
Zmiana oferty;opportunity;4.3.39;Plugin generowania oferty;neu_isgeneratequote;142;;
Zmiana oferty;opportunity;4.3.39;Flaga wysłania maila o wygranym przetargu;neu_issentemailonwonevent;143;;
Zmiana oferty;opportunity;4.3.39;Flaga do zaciągania cen ZPZK;neu_ischeckprice;144;;
Zmiana oferty;opportunity;4.3.39;Flaga do poprzedniego statusu;neu_statepreflag;145;;
Zmiana oferty;opportunity;4.3.39;Ilość zmian na produktach Pharmindex;neu_changespharmindex;146;;
Zmiana oferty;opportunity;4.3.39;Ilość zmian na Produktach SAP;neu_changessap;147;;
Zmiana oferty;opportunity;4.3.39;Flaga do narzutu;neu_overheadflag;148;;
Zmiana oferty;opportunity;4.3.39;Flaga rekalkulacji walidacja;neu_isrecalcvalidation;149;;
Zmiana oferty;opportunity;4.3.39;Flaga propagacja narzutu walidacja;neu_isoverheadvalidation;150;;
Zmiana oferty;opportunity;4.3.39;Generowanie ZPZK dla producentów Lecznictwa;neu_isgeneratezpzkproducer;151;;
Zmienne Srodowiskowe;neu_environmentvariables;4.3.40;Nazwa;neu_name;1;;
Zmienne Srodowiskowe;neu_environmentvariables;4.3.40;Wartość;neu_value;2;;
Zmienne Srodowiskowe;neu_environmentvariables;4.3.40;Komentarz;neu_comment;3;;
Zmienne Srodowiskowe;neu_environmentvariables;4.3.40;Kolejka;neu_queue;4;;
Zmienne Srodowiskowe;neu_environmentvariables;4.3.40;Adres e-mail;emailaddress;5;;
ZPZK;neu_tradeterms;4.3.41;Nazwa;neu_name;1;;
ZPZK;neu_tradeterms;4.3.41;Typ kalkulacji;neu_caltulationtype;2;;
ZPZK;neu_tradeterms;4.3.41;Producent sprzedażowy;neu_producersapid;3;;
ZPZK;neu_tradeterms;4.3.41;Numer Oferty;neu_code;4;;
ZPZK;neu_tradeterms;4.3.41;Biuro sprzedaży;neu_salesoffice;5;;
ZPZK;neu_tradeterms;4.3.41;Przetarg;neu_tenderid;6;;
ZPZK;neu_tradeterms;4.3.41;Status;neu_status;7;;
ZPZK;neu_tradeterms;4.3.41;Sposób rozliczenia;neu_settlementmethod;8;;
ZPZK;neu_tradeterms;4.3.41;Data rozpoczęcia;neu_bagindate;9;;
ZPZK;neu_tradeterms;4.3.41;Data zakończenia;neu_enddate;10;;
ZPZK;neu_tradeterms;4.3.41;Data rozpoczęcia dostaw;neu_deliveryopeningdate;11;;
ZPZK;neu_tradeterms;4.3.41;Kary umowne;neu_tendercontractpenalty;12;;
ZPZK;neu_tradeterms;4.3.41;Opis;neu_description;13;;
ZPZK;neu_tradeterms;4.3.41;Prośba o warunki do przetargu;neu_istradetermsconditions;14;;
ZPZK;neu_tradeterms;4.3.41;Prośba o potwierdzenie stałości cen;neu_ispricestability;15;;
ZPZK;neu_tradeterms;4.3.41;Prośba o dostępność leków;neu_isdrugavailability;16;;
ZPZK;neu_tradeterms;4.3.41;Status powiadomienia o wygranym przetargu;neu_emailtoproducerstate;17;;
ZPZK;neu_tradeterms;4.3.41;Flaga do tworzenia maila;neu_emailflag;18;;
ZPZK;neu_tradeterms;4.3.41;Flaga do generowania csv;neu_generatecsvflag;19;;
ZPZK;neu_tradeterms;4.3.41;Pole informacyjne - czy wysłany email do producent;neu_isinfosent;20;;
ZPZK;neu_tradeterms;4.3.41;Generuj zapytanie;WebResource_ButtonTradeTermsCreateEmailTempate;21;;
ZPZK;neu_tradeterms;4.3.41;Generuj ZPZK do SAP;WebResource_ButtonTradeTermsGenerateCsv;22;;
ZPZK;neu_tradeterms;4.3.41;Pozycje ZPZK;;23;;
ZPZK;neu_tradeterms;4.3.41;Działania;;24;;
ZPZK;neu_tradeterms;4.3.41;Notatki;;25;;
ZPZK;neu_tradeterms;4.3.41;Utworzony przez;createdby;26;;
ZPZK;neu_tradeterms;4.3.41;Zmodyfikowane przez;modifiedby;27;;
ZPZK;neu_tradeterms;4.3.41;Właściciel;ownerid;28;;
ZPZK;neu_tradeterms;4.3.41;Data utworzenia;createdon;29;;
ZPZK;neu_tradeterms;4.3.41;Data modyfikacji;modifiedon;30;;
